Data_00_brain,10720 11446.873047 ,3199 3415.909668 ,3143 3356.112549 ,11471 12248.795898 ,14471 15452.212891 ,5568 5945.540527 ,5218 5571.808594 ,739 789.108276 ,737 786.972595 ,297 317.138214 ,3887 4150.559570 ,994 1061.398682 ,2982 3184.195557 ,1985 2119.593750 ,838 894.820984 ,1277 1363.587646 ,892 952.482361 ,409 436.732452 ,4229 4515.749512 ,7420 7923.115723 ,7979 8520.019531 ,11073 11823.809570 ,8575 9156.431641 ,10541 11255.736328 ,5194 5546.181641 ,8309 8872.395508 ,12637 13493.856445 ,16870 18013.876953 ,13466 14379.068359 ,1206 1287.773438 ,1401 1495.995361 ,14426 15404.162109 ,10607 11326.211914 ,2982 3184.195557 ,3296 3519.486572 ,4750 5072.075684 ,3621 3866.523438 ,9462 10103.574219 ,16300 17405.228516 ,10244 10938.599609 ,6123 6538.172363 ,6645 7095.567383 ,8005 8547.782227 ,9685 10341.696289 ,2178 2325.680176 ,1549 1654.030640 ,4951 5286.705078 ,4768 5091.296875 ,4613 4925.786133 ,16104 17195.937500 ,5665 6049.117676 ,904 965.296082 ,1121 1197.009888 ,10134 10821.140625 ,9680 10336.356445 ,6411 6845.700684 ,4984 5321.941895 ,11009 11755.470703 ,10336 11036.836914 ,6135 6550.986328 ,17216 18383.337891 ,5730 6118.524902 ,12714 13576.078125 ,10946 11688.198242 ,4669 4985.583496 ,4887 5218.364746 ,12073 12891.614258 ,13660 14586.221680 ,20130 21494.923828 ,20146 21512.007812 ,10145 10832.886719 ,3393 3623.063721 ,10365 11067.802734 ,10683 11407.365234 ,4201 4485.850586 ,3541 3781.099121 ,7192 7679.656250 ,4856 5185.263184 ,5595 5974.371582 ,15004 16021.351562 ,13835 14773.087891 ,8664 9251.465820 ,4573 4883.074219 ,4618 4931.125000 ,5276 5633.740723 ,5480 5851.574219 ,5461 5831.285156 ,5743 6132.406738 ,1236 1319.807495 ,1377 1470.368164 
Data_01_brain,12207 12207.000000 ,2390 2390.000000 ,2647 2647.000000 ,8166 8166.000000 ,14963 14963.000000 ,4661 4661.000000 ,4381 4381.000000 ,767 767.000000 ,994 994.000000 ,206 206.000000 ,8116 8116.000000 ,602 602.000000 ,1778 1778.000000 ,1163 1163.000000 ,807 807.000000 ,1615 1615.000000 ,936 936.000000 ,329 329.000000 ,8137 8137.000000 ,11304 11304.000000 ,22538 22538.000000 ,16129 16129.000000 ,12153 12153.000000 ,13508 13508.000000 ,5819 5819.000000 ,9355 9355.000000 ,13203 13203.000000 ,19511 19511.000000 ,13802 13802.000000 ,1982 1982.000000 ,1755 1755.000000 ,24370 24370.000000 ,16213 16213.000000 ,6588 6588.000000 ,7865 7865.000000 ,7026 7026.000000 ,5352 5352.000000 ,10870 10870.000000 ,21876 21876.000000 ,10294 10294.000000 ,8307 8307.000000 ,6935 6935.000000 ,11951 11951.000000 ,12014 12014.000000 ,3323 3323.000000 ,2464 2464.000000 ,6328 6328.000000 ,6231 6231.000000 ,7023 7023.000000 ,23900 23900.000000 ,7992 7992.000000 ,1564 1564.000000 ,1474 1474.000000 ,15552 15552.000000 ,11579 11579.000000 ,9959 9959.000000 ,7722 7722.000000 ,11682 11682.000000 ,15403 15403.000000 ,7290 7290.000000 ,26546 26546.000000 ,7957 7957.000000 ,10634 10634.000000 ,13746 13746.000000 ,2765 2765.000000 ,5465 5465.000000 ,9468 9468.000000 ,15469 15469.000000 ,22766 22766.000000 ,24206 24206.000000 ,18715 18715.000000 ,5104 5104.000000 ,16370 16370.000000 ,13119 13119.000000 ,6756 6756.000000 ,5694 5694.000000 ,15213 15213.000000 ,5446 5446.000000 ,10597 10597.000000 ,27667 27667.000000 ,21908 21908.000000 ,9979 9979.000000 ,6824 6824.000000 ,3665 3665.000000 ,6322 6322.000000 ,6251 6251.000000 ,6572 6572.000000 ,6731 6731.000000 ,2175 2175.000000 ,1354 1354.000000 
Data_02_brain,14329 14329.000000 ,1943 1943.000000 ,2939 2939.000000 ,8631 8631.000000 ,25619 25619.000000 ,4622 4622.000000 ,5483 5483.000000 ,679 679.000000 ,814 814.000000 ,183 183.000000 ,10967 10967.000000 ,872 872.000000 ,1801 1801.000000 ,1315 1315.000000 ,1087 1087.000000 ,1794 1794.000000 ,1156 1156.000000 ,365 365.000000 ,9548 9548.000000 ,9026 9026.000000 ,19883 19883.000000 ,12098 12098.000000 ,23470 23470.000000 ,26861 26861.000000 ,5685 5685.000000 ,9440 9440.000000 ,18034 18034.000000 ,23880 23880.000000 ,17004 17004.000000 ,2169 2169.000000 ,2339 2339.000000 ,16974 16974.000000 ,13085 13085.000000 ,6030 6030.000000 ,6553 6553.000000 ,7142 7142.000000 ,5294 5294.000000 ,12800 12800.000000 ,29069 29069.000000 ,11827 11827.000000 ,9320 9320.000000 ,7270 7270.000000 ,10762 10762.000000 ,10965 10965.000000 ,3454 3454.000000 ,2432 2432.000000 ,6581 6581.000000 ,6768 6768.000000 ,8002 8002.000000 ,21643 21643.000000 ,10553 10553.000000 ,1538 1538.000000 ,1293 1293.000000 ,15453 15453.000000 ,14614 14614.000000 ,9069 9069.000000 ,9333 9333.000000 ,12960 12960.000000 ,17684 17684.000000 ,5808 5808.000000 ,32655 32655.000000 ,7177 7177.000000 ,9889 9889.000000 ,12692 12692.000000 ,2985 2985.000000 ,4577 4577.000000 ,14801 14801.000000 ,22753 22753.000000 ,26226 26226.000000 ,28952 28952.000000 ,15482 15482.000000 ,7683 7683.000000 ,16954 16954.000000 ,9519 9519.000000 ,7478 7478.000000 ,5019 5019.000000 ,12574 12574.000000 ,5678 5678.000000 ,12834 12834.000000 ,26451 26451.000000 ,25614 25614.000000 ,10378 10378.000000 ,14366 14366.000000 ,5691 5691.000000 ,8180 8180.000000 ,7838 7838.000000 ,6819 6819.000000 ,6895 6895.000000 ,2092 2092.000000 ,1511 1511.000000 
Data_03_brain,11617 12376.877930 ,1019 1085.653687 ,1518 1617.293701 ,2386 2542.070068 ,8264 8804.554688 ,1303 1388.230347 ,2807 2990.608398 ,782 833.151367 ,904 963.131409 ,187 199.231827 ,5413 5767.068848 ,514 547.621155 ,1235 1315.782349 ,615 655.227722 ,981 1045.167969 ,1003 1068.607056 ,566 603.022522 ,268 285.530090 ,4721 5029.804688 ,8472 9026.161133 ,12159 12954.330078 ,13120 13978.190430 ,8775 9348.979492 ,8940 9524.772461 ,6225 6632.182129 ,11875 12651.752930 ,12814 13652.174805 ,23251 24771.869141 ,16878 17982.003906 ,1439 1533.126221 ,1616 1721.703979 ,14995 15975.835938 ,11774 12544.147461 ,2702 2878.739990 ,3430 3654.359131 ,4034 4297.867188 ,3755 4000.617920 ,10114 10775.565430 ,24096 25672.140625 ,10259 10930.049805 ,7713 8217.513672 ,8014 8538.202148 ,10327 11002.498047 ,10910 11623.632812 ,2904 3093.953125 ,2326 2478.145752 ,3909 4164.690918 ,6511 6936.889648 ,3249 3461.519775 ,19196 20451.626953 ,7162 7630.472168 ,681 725.544800 ,1461 1556.565308 ,15891 16930.443359 ,12004 12789.192383 ,11848 12622.988281 ,10078 10737.210938 ,6140 6541.622559 ,13033 13885.499023 ,9373 9986.096680 ,27175 28952.541016 ,8005 8528.613281 ,17241 18368.748047 ,13601 14490.653320 ,2174 2316.203125 ,6454 6876.161133 ,6762 7204.308594 ,15493 16506.410156 ,25341 26998.574219 ,27419 29212.500000 ,11998 12782.798828 ,3173 3380.548584 ,14238 15169.319336 ,12871 13712.902344 ,7649 8149.327637 ,6006 6398.857422 ,8083 8611.715820 ,4032 4295.736328 ,8381 8929.208008 ,19459 20731.830078 ,18821 20052.097656 ,10143 10806.461914 ,5504 5864.021973 ,7524 8016.150879 ,9324 9933.890625 ,8711 9280.793945 ,5492 5851.236328 ,5714 6087.757812 ,1892 2015.757446 ,1665 1773.909058 
Data_04_brain,14286 14286.000000 ,2143 2143.000000 ,3565 3565.000000 ,8311 8311.000000 ,21868 21868.000000 ,4306 4306.000000 ,4285 4285.000000 ,656 656.000000 ,1096 1096.000000 ,214 214.000000 ,8177 8177.000000 ,306 306.000000 ,916 916.000000 ,1185 1185.000000 ,982 982.000000 ,2530 2530.000000 ,719 719.000000 ,218 218.000000 ,10093 10093.000000 ,7904 7904.000000 ,16455 16455.000000 ,15217 15217.000000 ,10218 10218.000000 ,12373 12373.000000 ,7984 7984.000000 ,7295 7295.000000 ,9917 9917.000000 ,22041 22041.000000 ,13782 13782.000000 ,1945 1945.000000 ,1807 1807.000000 ,21005 21005.000000 ,15925 15925.000000 ,6599 6599.000000 ,6902 6902.000000 ,8246 8246.000000 ,6505 6505.000000 ,11227 11227.000000 ,19273 19273.000000 ,10192 10192.000000 ,6814 6814.000000 ,6045 6045.000000 ,11700 11700.000000 ,10378 10378.000000 ,4224 4224.000000 ,2670 2670.000000 ,6612 6612.000000 ,6342 6342.000000 ,6666 6666.000000 ,23702 23702.000000 ,6277 6277.000000 ,1684 1684.000000 ,1135 1135.000000 ,17068 17068.000000 ,9674 9674.000000 ,12316 12316.000000 ,11436 11436.000000 ,12129 12129.000000 ,13448 13448.000000 ,7840 7840.000000 ,25036 25036.000000 ,7580 7580.000000 ,13119 13119.000000 ,12437 12437.000000 ,2767 2767.000000 ,7554 7554.000000 ,11741 11741.000000 ,20908 20908.000000 ,24763 24763.000000 ,25960 25960.000000 ,12080 12080.000000 ,5978 5978.000000 ,12941 12941.000000 ,18141 18141.000000 ,7516 7516.000000 ,8279 8279.000000 ,16617 16617.000000 ,8387 8387.000000 ,11422 11422.000000 ,24353 24353.000000 ,22829 22829.000000 ,6761 6761.000000 ,7002 7002.000000 ,6326 6326.000000 ,6941 6941.000000 ,5968 5968.000000 ,7281 7281.000000 ,7496 7496.000000 ,2558 2558.000000 ,1305 1305.000000 
Data_05_brain,11995 11995.000000 ,1205 1205.000000 ,2558 2558.000000 ,4835 4835.000000 ,12165 12165.000000 ,2984 2984.000000 ,3566 3566.000000 ,502 502.000000 ,1066 1066.000000 ,195 195.000000 ,8329 8329.000000 ,419 419.000000 ,1008 1008.000000 ,1097 1097.000000 ,938 938.000000 ,1708 1708.000000 ,1008 1008.000000 ,260 260.000000 ,6888 6888.000000 ,7384 7384.000000 ,16393 16393.000000 ,14697 14697.000000 ,9918 9918.000000 ,10813 10813.000000 ,4771 4771.000000 ,7429 7429.000000 ,10219 10219.000000 ,19888 19888.000000 ,11610 11610.000000 ,2195 2195.000000 ,1612 1612.000000 ,19125 19125.000000 ,15413 15413.000000 ,5176 5176.000000 ,4783 4783.000000 ,7265 7265.000000 ,4012 4012.000000 ,8779 8779.000000 ,19259 19259.000000 ,8498 8498.000000 ,6211 6211.000000 ,4361 4361.000000 ,11590 11590.000000 ,10242 10242.000000 ,3191 3191.000000 ,3235 3235.000000 ,4984 4984.000000 ,4612 4612.000000 ,5670 5670.000000 ,21674 21674.000000 ,7011 7011.000000 ,1348 1348.000000 ,1278 1278.000000 ,14903 14903.000000 ,10547 10547.000000 ,11153 11153.000000 ,9298 9298.000000 ,9015 9015.000000 ,11271 11271.000000 ,6644 6644.000000 ,27601 27601.000000 ,7783 7783.000000 ,10695 10695.000000 ,9980 9980.000000 ,2748 2748.000000 ,6360 6360.000000 ,7793 7793.000000 ,14455 14455.000000 ,22630 22630.000000 ,22523 22523.000000 ,10157 10157.000000 ,4549 4549.000000 ,10604 10604.000000 ,11367 11367.000000 ,5879 5879.000000 ,5514 5514.000000 ,12447 12447.000000 ,3559 3559.000000 ,7784 7784.000000 ,22611 22611.000000 ,17495 17495.000000 ,8407 8407.000000 ,5973 5973.000000 ,3967 3967.000000 ,5250 5250.000000 ,4537 4537.000000 ,5790 5790.000000 ,6498 6498.000000 ,2284 2284.000000 ,1237 1237.000000 
Data_06_brain,9860 10525.848633 ,2470 2636.800049 ,2238 2389.133057 ,10690 11411.899414 ,12000 12810.365234 ,4814 5139.090820 ,4904 5235.168457 ,882 941.561768 ,803 857.226807 ,204 217.776199 ,3675 3923.174072 ,421 449.430298 ,1393 1487.069702 ,1306 1394.194702 ,1028 1097.421143 ,1404 1498.812622 ,970 1035.504517 ,298 318.124054 ,4196 4479.357422 ,6358 6787.357910 ,9338 9968.598633 ,8526 9101.764648 ,9025 9634.461914 ,8704 9291.785156 ,5263 5618.412598 ,8387 8953.376953 ,10489 11197.326172 ,22060 23549.720703 ,10917 11654.229492 ,1482 1582.080078 ,1680 1793.450928 ,12897 13767.939453 ,7059 7535.697266 ,2640 2818.280273 ,3108 3317.884521 ,3552 3791.867676 ,4016 4287.202148 ,9676 10329.423828 ,20903 22314.585938 ,11211 11968.083008 ,7284 7775.891113 ,5235 5588.521973 ,9781 10441.513672 ,11499 12275.531250 ,2473 2640.002686 ,1952 2083.819336 ,5083 5426.256836 ,5987 6391.304688 ,4567 4875.411621 ,16566 17684.708984 ,5617 5996.318359 ,367 391.783661 ,916 977.857849 ,16179 17271.574219 ,14083 15034.030273 ,10610 11326.498047 ,8486 9059.063477 ,14063 15012.679688 ,13296 14193.883789 ,6254 6676.334473 ,16406 17513.904297 ,6800 7259.206543 ,15942 17018.568359 ,9932 10602.712891 ,4940 5273.600098 ,5015 5353.664551 ,9474 10113.783203 ,11437 12209.344727 ,19300 20603.335938 ,20643 22037.027344 ,11165 11918.975586 ,2835 3026.448486 ,15181 16206.179688 ,11588 12370.541992 ,8697 9284.311523 ,6819 7279.489746 ,10701 11423.642578 ,3969 4237.027832 ,9536 10179.969727 ,19787 21123.222656 ,19264 20564.906250 ,10211 10900.553711 ,3954 4221.015137 ,5603 5981.373047 ,11910 12714.286133 ,15286 16318.268555 ,5284 5640.830566 ,4967 5302.423340 ,1639 1749.682373 ,1352 1443.301147 
Data_07_brain,11695 12585.918945 ,2424 2608.658691 ,2038 2193.253662 ,10304 11088.953125 ,12625 13586.765625 ,4362 4694.294434 ,3801 4090.557861 ,977 1051.427368 ,1004 1080.484131 ,177 190.483765 ,6263 6740.111816 ,442 475.671295 ,1651 1776.772217 ,1219 1311.862671 ,1270 1366.747925 ,1523 1639.021118 ,734 789.915649 ,306 329.310883 ,4975 5353.992676 ,7314 7871.176758 ,9196 9896.545898 ,12177 13104.636719 ,9607 10338.855469 ,12322 13260.682617 ,5055 5440.086426 ,7265 7818.443848 ,8545 9195.953125 ,21062 22666.490234 ,9189 9889.012695 ,1349 1451.765991 ,1556 1674.535034 ,15072 16220.175781 ,7882 8482.446289 ,3307 3558.925537 ,3860 4154.052246 ,4069 4378.974121 ,3655 3933.436035 ,9391 10106.401367 ,24086 25920.857422 ,10513 11313.875000 ,6859 7381.514648 ,5796 6237.536133 ,8975 9658.710938 ,9931 10687.538086 ,2742 2950.884033 ,2112 2272.890869 ,5134 5525.105469 ,4847 5216.241699 ,3844 4136.833984 ,17799 19154.916016 ,4739 5100.014648 ,750 807.134583 ,936 1007.303955 ,12427 13373.682617 ,8418 9059.278320 ,7996 8605.130859 ,6169 6638.951172 ,11757 12652.640625 ,11571 12452.472656 ,5465 5881.320801 ,16957 18248.775391 ,5535 5956.653320 ,14682 15800.466797 ,11448 12320.101562 ,3243 3490.049805 ,4917 5291.574219 ,8908 9586.606445 ,11316 12178.046875 ,21969 23642.585938 ,21485 23121.716797 ,9344 10055.821289 ,4178 4496.277832 ,9769 10513.196289 ,8937 9617.816406 ,5952 6405.419922 ,5346 5753.254883 ,7698 8284.429688 ,3562 3833.350830 ,5718 6153.594238 ,15014 16157.757812 ,15013 16156.681641 ,6553 7052.204102 ,4710 5068.805176 ,5134 5525.105469 ,9518 10243.075195 ,7133 7676.387695 ,4193 4512.419922 ,4448 4786.846191 ,1246 1340.919556 ,1194 1284.958252 
Data_08_brain,9958 10568.760742 ,3276 3476.929199 ,3514 3729.526611 ,13228 14039.323242 ,14711 15613.281250 ,5559 5899.954590 ,5255 5577.308594 ,822 872.416321 ,841 892.581726 ,283 300.357452 ,6945 7370.962402 ,965 1024.187134 ,3064 3251.926514 ,2535 2690.480957 ,1283 1361.691284 ,1379 1463.579224 ,1025 1087.867065 ,481 510.501556 ,5892 6253.378418 ,8900 9445.870117 ,13092 13894.982422 ,12617 13390.846680 ,9078 9634.787109 ,12360 13118.085938 ,5398 5729.079102 ,7086 7520.610840 ,10257 10886.099609 ,19250 20430.673828 ,10928 11598.254883 ,1606 1704.502075 ,1820 1931.627319 ,16565 17580.992188 ,12058 12797.562500 ,3311 3514.075928 ,4093 4344.039062 ,4381 4649.703125 ,4311 4575.409668 ,9873 10478.547852 ,23788 25247.007812 ,9399 9975.475586 ,8948 9496.814453 ,8181 8682.771484 ,10694 11349.903320 ,13649 14486.144531 ,3175 3369.734619 ,1878 1993.184692 ,6029 6398.781250 ,5523 5861.746094 ,5198 5516.812500 ,18119 19230.306641 ,6257 6640.765137 ,1443 1531.504639 ,1621 1720.421997 ,10325 10958.270508 ,10655 11308.510742 ,7143 7581.107422 ,6689 7099.261230 ,12290 13043.791992 ,13546 14376.827148 ,6675 7084.402344 ,18053 19160.257812 ,6602 7006.925293 ,18436 19566.748047 ,13009 13806.890625 ,5859 6218.354004 ,5570 5911.629395 ,12518 13285.776367 ,12016 12752.985352 ,20248 21489.884766 ,27564 29254.603516 ,9714 10309.795898 ,4451 4723.996582 ,10853 11518.654297 ,17334 18397.158203 ,7142 7580.045410 ,6104 6478.380859 ,14809 15717.291016 ,5500 5837.335449 ,7110 7546.083008 ,19432 20623.837891 ,15108 16034.629883 ,9269 9837.501953 ,5572 5913.751953 ,6524 6924.141602 ,7105 7540.776367 ,8525 9047.870117 ,5153 5469.052734 ,5627 5972.125000 ,1905 2021.840698 ,1894 2010.166138 
Data_09_brain,8795 9388.329102 ,2466 2632.361572 ,2763 2949.397705 ,9494 10134.486328 ,10844 11575.560547 ,4024 4295.467773 ,3883 4144.955566 ,997 1064.259766 ,841 897.735657 ,162 172.928864 ,4777 5099.267090 ,663 707.727417 ,2351 2509.603516 ,1635 1745.300659 ,752 802.731567 ,993 1059.989990 ,812 866.779297 ,446 476.088135 ,4653 4966.901367 ,5711 6096.276367 ,10963 11702.587891 ,9894 10561.470703 ,8875 9473.726562 ,9233 9855.877930 ,5531 5904.133301 ,6510 6949.178223 ,8484 9056.348633 ,15466 16509.371094 ,9931 10600.965820 ,1602 1710.074341 ,1587 1694.062500 ,16092 17177.601562 ,9774 10433.375977 ,2885 3079.628418 ,3487 3722.240479 ,3901 4164.169922 ,3514 3751.062012 ,10016 10691.701172 ,19668 20994.845703 ,10147 10831.538086 ,5224 5576.422363 ,3420 3650.720459 ,8932 9534.571289 ,9746 10403.486328 ,2567 2740.175293 ,1493 1593.721069 ,3796 4052.086426 ,3652 3898.371582 ,3896 4158.832520 ,14971 15980.977539 ,4854 5181.461426 ,1223 1305.506226 ,1250 1334.327637 ,6396 6827.487793 ,6205 6623.603027 ,4981 5317.029297 ,4206 4489.746094 ,7644 8159.681152 ,8744 9333.889648 ,5707 6092.007324 ,17962 19173.755859 ,4458 4758.746582 ,12509 13352.884766 ,8537 9112.924805 ,3600 3842.864014 ,4030 4301.872559 ,10508 11216.892578 ,12443 13282.432617 ,16958 18102.023438 ,22364 23872.724609 ,8566 9143.880859 ,3748 4000.848145 ,9367 9998.917969 ,13376 14278.374023 ,5680 6063.185059 ,5724 6110.153320 ,12864 13731.833984 ,4688 5004.263184 ,9184 9803.573242 ,17756 18953.859375 ,13268 14163.088867 ,7443 7945.121094 ,4435 4734.194824 ,7264 7754.045410 ,7590 8102.037598 ,7316 7809.553223 ,5176 5525.184570 ,5549 5923.347168 ,1280 1366.351562 ,1381 1474.165283 
Data_10_brain,9250 9969.778320 ,2570 2769.981689 ,2653 2859.440430 ,10213 11007.713867 ,11523 12419.649414 ,3747 4038.568848 ,3000 3233.441895 ,806 868.718018 ,771 830.994568 ,217 233.885620 ,4703 5068.958496 ,552 594.953308 ,1019 1098.292358 ,864 931.231262 ,981 1057.335449 ,1352 1457.204346 ,586 631.598938 ,236 254.364090 ,4780 5151.950195 ,6457 6959.444336 ,11177 12046.726562 ,8757 9438.416016 ,6167 6646.877930 ,9717 10473.118164 ,5903 6362.335449 ,7344 7915.464844 ,12581 13559.977539 ,18100 19508.431641 ,15864 17098.439453 ,915 986.199707 ,967 1042.246094 ,14401 15521.597656 ,7905 8520.119141 ,2972 3203.262939 ,3320 3578.342041 ,2977 3208.652100 ,3173 3419.903564 ,8828 9514.941406 ,24667 26586.435547 ,8914 9607.632812 ,5475 5901.031250 ,5018 5408.470215 ,10243 11040.048828 ,11706 12616.889648 ,1855 1999.344727 ,1734 1868.929321 ,3049 3286.254639 ,4123 4443.826660 ,3350 3610.676514 ,16067 17317.236328 ,4344 4682.023926 ,468 504.416901 ,556 599.264526 ,10455 11268.542969 ,7551 8138.572266 ,7411 7987.679199 ,7238 7801.216797 ,9493 10231.687500 ,11916 12843.230469 ,4773 5144.405762 ,19242 20739.296875 ,5417 5838.518066 ,11490 12384.082031 ,10172 10963.523438 ,4834 5210.152832 ,3323 3581.575684 ,9289 10011.814453 ,10343 11147.829102 ,18976 20452.595703 ,21517 23191.320312 ,9719 10475.273438 ,3587 3866.118408 ,13668 14731.560547 ,11573 12473.540039 ,6610 7124.350098 ,5661 6101.504883 ,8790 9473.984375 ,2872 3095.481689 ,9232 9950.377930 ,19864 21409.695312 ,13458 14505.219727 ,7341 7912.231445 ,4305 4639.988770 ,6432 6932.498535 ,5792 6242.698242 ,4817 5191.829590 ,4133 4454.604980 ,4564 4919.142578 ,1417 1527.262329 ,1299 1400.080322 
Data_11_brain,7210 7680.891602 ,679 723.346130 ,1014 1080.225342 ,2287 2436.366211 ,6519 6944.762207 ,1279 1362.532715 ,2128 2266.981689 ,300 319.593292 ,855 910.840881 ,281 299.352386 ,5708 6080.794434 ,302 321.723907 ,923 983.281982 ,744 792.591309 ,663 706.301086 ,936 997.130981 ,480 511.349243 ,208 221.584671 ,6366 6781.769043 ,8116 8646.063477 ,12684 13512.403320 ,11533 12286.230469 ,8171 8704.655273 ,9866 10510.358398 ,6490 6913.867676 ,8509 9064.730469 ,11707 12471.594727 ,14760 15723.988281 ,15292 16290.735352 ,1731 1844.053223 ,1576 1678.929932 ,16910 18014.408203 ,10772 11475.530273 ,4028 4291.072754 ,5005 5331.881348 ,4660 4964.349121 ,3365 3584.771484 ,11126 11852.648438 ,19162 20413.488281 ,11595 12352.279297 ,9762 10399.565430 ,7035 7494.462402 ,13189 14050.385742 ,13768 14667.201172 ,2678 2852.902588 ,1692 1802.506226 ,5933 6320.489746 ,6495 6919.194824 ,4505 4799.225586 ,17012 18123.070312 ,6760 7201.501953 ,1292 1376.381836 ,1252 1333.769409 ,4839 5155.039062 ,7203 7673.435059 ,3959 4217.565918 ,6146 6547.400391 ,4146 4416.779297 ,9083 9676.218750 ,3391 3612.469238 ,18877 20109.875000 ,4999 5325.488770 ,5899 6284.269531 ,10334 11008.922852 ,1066 1135.621460 ,4073 4339.011230 ,5694 6065.879883 ,11280 12016.708008 ,17248 18374.482422 ,22156 23603.029297 ,8908 9489.790039 ,4749 5059.161621 ,11378 12121.107422 ,6531 6957.545898 ,5681 6052.031738 ,2209 2353.271729 ,5563 5926.324219 ,2826 3010.568604 ,6318 6730.634277 ,19501 20774.628906 ,16728 17820.521484 ,10935 11649.175781 ,6091 6488.808594 ,4857 5174.214844 ,7350 7830.035645 ,6299 6710.393555 ,4513 4807.748047 ,4792 5104.969727 ,1459 1554.288574 ,1009 1074.898682 
Data_12_brain,10609 10609.000000 ,3024 3024.000000 ,3372 3372.000000 ,9794 9794.000000 ,17101 17101.000000 ,4939 4939.000000 ,4774 4774.000000 ,916 916.000000 ,1092 1092.000000 ,262 262.000000 ,7481 7481.000000 ,446 446.000000 ,1986 1986.000000 ,1105 1105.000000 ,1148 1148.000000 ,2138 2138.000000 ,986 986.000000 ,254 254.000000 ,6178 6178.000000 ,9906 9906.000000 ,16392 16392.000000 ,13554 13554.000000 ,12593 12593.000000 ,17720 17720.000000 ,6033 6033.000000 ,8053 8053.000000 ,14758 14758.000000 ,17216 17216.000000 ,13178 13178.000000 ,1790 1790.000000 ,1892 1892.000000 ,19931 19931.000000 ,12545 12545.000000 ,5073 5073.000000 ,6470 6470.000000 ,5744 5744.000000 ,4976 4976.000000 ,10961 10961.000000 ,23136 23136.000000 ,9627 9627.000000 ,8386 8386.000000 ,7470 7470.000000 ,11909 11909.000000 ,12377 12377.000000 ,2715 2715.000000 ,2211 2211.000000 ,6047 6047.000000 ,4913 4913.000000 ,6778 6778.000000 ,23137 23137.000000 ,9880 9880.000000 ,1671 1671.000000 ,1232 1232.000000 ,16355 16355.000000 ,11182 11182.000000 ,9750 9750.000000 ,7697 7697.000000 ,10242 10242.000000 ,14036 14036.000000 ,7970 7970.000000 ,22774 22774.000000 ,7526 7526.000000 ,10671 10671.000000 ,13398 13398.000000 ,4102 4102.000000 ,4411 4411.000000 ,12210 12210.000000 ,13896 13896.000000 ,24685 24685.000000 ,22162 22162.000000 ,12574 12574.000000 ,5201 5201.000000 ,14749 14749.000000 ,13200 13200.000000 ,12184 12184.000000 ,8432 8432.000000 ,12383 12383.000000 ,3935 3935.000000 ,13651 13651.000000 ,23440 23440.000000 ,16494 16494.000000 ,5472 5472.000000 ,9296 9296.000000 ,4766 4766.000000 ,6635 6635.000000 ,5754 5754.000000 ,6779 6779.000000 ,8151 8151.000000 ,2063 2063.000000 ,1522 1522.000000 
Data_13_brain,11843 12620.513672 ,2109 2247.459473 ,2497 2660.932373 ,7877 8394.138672 ,13126 13987.744141 ,4750 5061.845215 ,5341 5691.645508 ,750 799.238831 ,891 949.495605 ,239 254.690750 ,5499 5860.018555 ,349 371.912445 ,976 1040.076050 ,780 831.208313 ,815 868.506104 ,1588 1692.254761 ,1405 1497.240723 ,282 300.513794 ,5243 5587.212402 ,6651 7087.649902 ,9658 10292.064453 ,15067 16056.173828 ,9024 9616.441406 ,10285 10960.226562 ,4587 4888.144531 ,7618 8118.134766 ,11695 12462.796875 ,19770 21067.933594 ,12002 12789.952148 ,1739 1853.168213 ,1798 1916.041748 ,15191 16188.315430 ,8793 9370.275391 ,2738 2917.754395 ,5230 5573.358398 ,4860 5179.066895 ,4779 5092.749512 ,8059 8588.086914 ,19699 20992.273438 ,11622 12385.003906 ,6492 6918.210938 ,5868 6253.244141 ,10296 10971.950195 ,11438 12188.923828 ,2686 2862.340332 ,1989 2119.581299 ,4497 4792.235840 ,7675 8178.876465 ,3473 3701.008301 ,18215 19410.845703 ,6217 6625.156250 ,501 533.891479 ,1009 1075.242554 ,8405 8956.802734 ,9779 10421.006836 ,5557 5921.826660 ,5663 6034.786133 ,6788 7233.644043 ,11335 12079.162109 ,5154 5492.368652 ,19147 20404.033203 ,6188 6594.252930 ,11401 12149.495117 ,12691 13524.185547 ,2934 3126.622070 ,6360 6777.544434 ,8678 9247.724609 ,11634 12397.791992 ,14528 15481.789062 ,22616 24100.779297 ,10636 11334.272461 ,3886 4141.122559 ,12476 13295.070312 ,8032 8559.314453 ,6670 7107.896973 ,3419 3643.463135 ,9972 10626.678711 ,3267 3481.484131 ,7413 7899.676270 ,20181 21505.917969 ,15602 16626.298828 ,6944 7399.885742 ,6931 7386.032227 ,3935 4193.339355 ,14257 15192.996094 ,10275 10949.571289 ,4771 5084.224609 ,5286 5633.035156 ,1821 1940.551758 ,1499 1597.411865 
Data_14_brain,14220 14220.000000 ,2374 2374.000000 ,2804 2804.000000 ,9979 9979.000000 ,19162 19162.000000 ,5290 5290.000000 ,5171 5171.000000 ,977 977.000000 ,1187 1187.000000 ,157 157.000000 ,5354 5354.000000 ,402 402.000000 ,2138 2138.000000 ,1975 1975.000000 ,1134 1134.000000 ,1909 1909.000000 ,1288 1288.000000 ,279 279.000000 ,5645 5645.000000 ,7748 7748.000000 ,11897 11897.000000 ,12466 12466.000000 ,12182 12182.000000 ,14864 14864.000000 ,4409 4409.000000 ,7505 7505.000000 ,16216 16216.000000 ,19227 19227.000000 ,15665 15665.000000 ,1727 1727.000000 ,1741 1741.000000 ,17416 17416.000000 ,12314 12314.000000 ,4225 4225.000000 ,4596 4596.000000 ,6853 6853.000000 ,4479 4479.000000 ,9827 9827.000000 ,19250 19250.000000 ,9749 9749.000000 ,4656 4656.000000 ,4346 4346.000000 ,9594 9594.000000 ,10902 10902.000000 ,2557 2557.000000 ,2503 2503.000000 ,5444 5444.000000 ,4645 4645.000000 ,5234 5234.000000 ,18978 18978.000000 ,6426 6426.000000 ,1199 1199.000000 ,1141 1141.000000 ,12467 12467.000000 ,8756 8756.000000 ,10190 10190.000000 ,7625 7625.000000 ,10212 10212.000000 ,10411 10411.000000 ,7517 7517.000000 ,22110 22110.000000 ,7411 7411.000000 ,10453 10453.000000 ,12514 12514.000000 ,2957 2957.000000 ,4565 4565.000000 ,9585 9585.000000 ,17836 17836.000000 ,23145 23145.000000 ,22452 22452.000000 ,12739 12739.000000 ,5406 5406.000000 ,14166 14166.000000 ,10157 10157.000000 ,6384 6384.000000 ,4721 4721.000000 ,9561 9561.000000 ,4083 4083.000000 ,10793 10793.000000 ,20106 20106.000000 ,15745 15745.000000 ,9644 9644.000000 ,5008 5008.000000 ,4369 4369.000000 ,5599 5599.000000 ,4607 4607.000000 ,5606 5606.000000 ,6663 6663.000000 ,1743 1743.000000 ,1410 1410.000000 
Data_15_brain,9933 9933.000000 ,2348 2348.000000 ,2784 2784.000000 ,8437 8437.000000 ,15577 15577.000000 ,4864 4864.000000 ,4097 4097.000000 ,711 711.000000 ,1196 1196.000000 ,222 222.000000 ,11175 11175.000000 ,664 664.000000 ,2317 2317.000000 ,1773 1773.000000 ,1004 1004.000000 ,1750 1750.000000 ,829 829.000000 ,257 257.000000 ,5141 5141.000000 ,7547 7547.000000 ,14066 14066.000000 ,9097 9097.000000 ,11789 11789.000000 ,16317 16317.000000 ,3907 3907.000000 ,6187 6187.000000 ,13021 13021.000000 ,19995 19995.000000 ,14067 14067.000000 ,1856 1856.000000 ,1621 1621.000000 ,16444 16444.000000 ,10324 10324.000000 ,4888 4888.000000 ,4748 4748.000000 ,5788 5788.000000 ,5147 5147.000000 ,9199 9199.000000 ,21768 21768.000000 ,9858 9858.000000 ,5368 5368.000000 ,5076 5076.000000 ,8747 8747.000000 ,10435 10435.000000 ,2407 2407.000000 ,2010 2010.000000 ,5420 5420.000000 ,4975 4975.000000 ,5702 5702.000000 ,18960 18960.000000 ,6637 6637.000000 ,1354 1354.000000 ,1040 1040.000000 ,15998 15998.000000 ,9745 9745.000000 ,11901 11901.000000 ,8007 8007.000000 ,10633 10633.000000 ,13233 13233.000000 ,5363 5363.000000 ,22222 22222.000000 ,5121 5121.000000 ,8479 8479.000000 ,12193 12193.000000 ,3194 3194.000000 ,4769 4769.000000 ,10373 10373.000000 ,14707 14707.000000 ,21109 21109.000000 ,25383 25383.000000 ,12526 12526.000000 ,4817 4817.000000 ,12779 12779.000000 ,11942 11942.000000 ,7748 7748.000000 ,6275 6275.000000 ,12452 12452.000000 ,4581 4581.000000 ,8781 8781.000000 ,19962 19962.000000 ,13923 13923.000000 ,9379 9379.000000 ,6656 6656.000000 ,4687 4687.000000 ,4790 4790.000000 ,4423 4423.000000 ,5762 5762.000000 ,6955 6955.000000 ,1791 1791.000000 ,1305 1305.000000 
Data_16_brain,14233 14233.000000 ,1759 1759.000000 ,2336 2336.000000 ,6762 6762.000000 ,22028 22028.000000 ,2427 2427.000000 ,4355 4355.000000 ,555 555.000000 ,1207 1207.000000 ,173 173.000000 ,9805 9805.000000 ,399 399.000000 ,1464 1464.000000 ,1094 1094.000000 ,757 757.000000 ,2160 2160.000000 ,783 783.000000 ,282 282.000000 ,10972 10972.000000 ,11224 11224.000000 ,13817 13817.000000 ,12178 12178.000000 ,14808 14808.000000 ,16921 16921.000000 ,7968 7968.000000 ,12490 12490.000000 ,16939 16939.000000 ,24534 24534.000000 ,18363 18363.000000 ,2375 2375.000000 ,2387 2387.000000 ,24505 24505.000000 ,15060 15060.000000 ,6763 6763.000000 ,7917 7917.000000 ,8320 8320.000000 ,7642 7642.000000 ,12611 12611.000000 ,29619 29619.000000 ,12423 12423.000000 ,10670 10670.000000 ,9246 9246.000000 ,10989 10989.000000 ,11955 11955.000000 ,4216 4216.000000 ,3656 3656.000000 ,5922 5922.000000 ,6812 6812.000000 ,7054 7054.000000 ,28883 28883.000000 ,7686 7686.000000 ,1391 1391.000000 ,1623 1623.000000 ,10784 10784.000000 ,10519 10519.000000 ,5690 5690.000000 ,7405 7405.000000 ,12250 12250.000000 ,14621 14621.000000 ,4737 4737.000000 ,27875 27875.000000 ,7994 7994.000000 ,7808 7808.000000 ,14948 14948.000000 ,2484 2484.000000 ,9373 9373.000000 ,14167 14167.000000 ,20983 20983.000000 ,31581 31581.000000 ,38996 38996.000000 ,13008 13008.000000 ,6954 6954.000000 ,14057 14057.000000 ,10258 10258.000000 ,9117 9117.000000 ,6603 6603.000000 ,14886 14886.000000 ,4248 4248.000000 ,14126 14126.000000 ,29341 29341.000000 ,20573 20573.000000 ,12648 12648.000000 ,8424 8424.000000 ,8746 8746.000000 ,9299 9299.000000 ,8376 8376.000000 ,7534 7534.000000 ,7441 7441.000000 ,2244 2244.000000 ,1453 1453.000000 
Data_17_brain,13930 13930.000000 ,3599 3599.000000 ,3293 3293.000000 ,9924 9924.000000 ,16024 16024.000000 ,4181 4181.000000 ,3802 3802.000000 ,988 988.000000 ,983 983.000000 ,124 124.000000 ,7822 7822.000000 ,272 272.000000 ,1836 1836.000000 ,1521 1521.000000 ,1124 1124.000000 ,1550 1550.000000 ,778 778.000000 ,205 205.000000 ,6073 6073.000000 ,9194 9194.000000 ,15313 15313.000000 ,12468 12468.000000 ,11701 11701.000000 ,16188 16188.000000 ,5608 5608.000000 ,8656 8656.000000 ,12905 12905.000000 ,18953 18953.000000 ,14714 14714.000000 ,1467 1467.000000 ,1226 1226.000000 ,20629 20629.000000 ,10778 10778.000000 ,4483 4483.000000 ,5131 5131.000000 ,5548 5548.000000 ,4040 4040.000000 ,10188 10188.000000 ,16734 16734.000000 ,11076 11076.000000 ,7165 7165.000000 ,6105 6105.000000 ,8652 8652.000000 ,8829 8829.000000 ,2642 2642.000000 ,1568 1568.000000 ,5256 5256.000000 ,4416 4416.000000 ,6643 6643.000000 ,15888 15888.000000 ,6474 6474.000000 ,1097 1097.000000 ,989 989.000000 ,12752 12752.000000 ,8827 8827.000000 ,10799 10799.000000 ,8771 8771.000000 ,10751 10751.000000 ,11784 11784.000000 ,6939 6939.000000 ,21245 21245.000000 ,6190 6190.000000 ,10629 10629.000000 ,12105 12105.000000 ,4517 4517.000000 ,5599 5599.000000 ,11053 11053.000000 ,17252 17252.000000 ,22040 22040.000000 ,21372 21372.000000 ,14408 14408.000000 ,4198 4198.000000 ,10880 10880.000000 ,12333 12333.000000 ,5981 5981.000000 ,6878 6878.000000 ,10415 10415.000000 ,5354 5354.000000 ,11836 11836.000000 ,22282 22282.000000 ,17038 17038.000000 ,8867 8867.000000 ,5751 5751.000000 ,4776 4776.000000 ,5185 5185.000000 ,4373 4373.000000 ,6176 6176.000000 ,6425 6425.000000 ,1775 1775.000000 ,1455 1455.000000 
Data_18_brain,12244 13037.868164 ,4137 4405.232422 ,3472 3697.115479 ,19300 20551.361328 ,21358 22742.794922 ,5182 5517.987305 ,4982 5305.019531 ,1407 1498.226318 ,1471 1566.375610 ,102 108.613403 ,6223 6626.482910 ,360 383.341461 ,1426 1518.458130 ,943 1004.141663 ,1596 1699.480347 ,1698 1808.093994 ,1176 1252.248779 ,201 214.032303 ,6698 7132.280762 ,9854 10492.907227 ,14879 15843.715820 ,16747 17832.832031 ,13351 14216.643555 ,12039 12819.577148 ,6825 7267.515137 ,11218 11945.344727 ,16378 17439.906250 ,32667 34785.039062 ,18231 19413.048828 ,1572 1673.924316 ,1695 1804.899414 ,20029 21327.628906 ,13721 14610.632812 ,4971 5293.306641 ,5918 6301.708008 ,5209 5546.737793 ,4946 5266.686035 ,11669 12425.586914 ,30128 32081.419922 ,11940 12714.158203 ,7295 7767.988770 ,6698 7132.280762 ,9820 10456.702148 ,11195 11920.854492 ,2489 2650.379883 ,2220 2363.938721 ,6848 7292.006348 ,7291 7763.729004 ,8685 9248.112305 ,28719 30581.064453 ,9385 9993.498047 ,1414 1505.679932 ,1789 1904.994019 ,14644 15593.478516 ,9159 9752.844727 ,16003 17040.591797 ,11992 12769.529297 ,13105 13954.693359 ,13730 14620.216797 ,10688 11380.981445 ,35574 37880.523438 ,12207 12998.469727 ,19870 21158.316406 ,15955 16989.480469 ,3956 4212.496582 ,4838 5151.683105 ,17641 18784.796875 ,15795 16819.105469 ,35007 37276.761719 ,36895 39287.171875 ,23295 24805.384766 ,5774 6148.371582 ,24326 25903.232422 ,18180 19358.744141 ,8332 8872.225586 ,5805 6181.380859 ,12832 13663.993164 ,9354 9960.489258 ,11823 12589.572266 ,31413 33449.734375 ,26012 27698.550781 ,13452 14324.192383 ,6225 6628.612793 ,6359 6771.301270 ,7748 8250.360352 ,10778 11476.817383 ,5005 5329.510742 ,5508 5865.124023 ,1397 1487.577759 ,1460 1554.662598 
Data_19_brain,11490 12376.395508 ,2751 2963.225586 ,2765 2978.305664 ,11761 12668.301758 ,18188 19591.109375 ,4743 5108.898438 ,4522 4870.849121 ,1261 1358.279785 ,1351 1455.222778 ,94 101.251625 ,4587 4940.863281 ,257 276.826263 ,1330 1432.602661 ,1171 1261.336670 ,1166 1255.950928 ,1672 1800.986328 ,1071 1153.622192 ,352 379.154999 ,5190 5590.382324 ,7410 7981.643555 ,10519 11330.486328 ,10751 11580.384766 ,7862 8468.512695 ,9154 9860.184570 ,5638 6072.942871 ,7713 8308.018555 ,10033 10806.995117 ,17218 18546.281250 ,11026 11876.599609 ,1519 1636.183105 ,1703 1834.377686 ,12935 13932.869141 ,8540 9198.817383 ,2273 2448.350342 ,3131 3372.540527 ,4022 4332.276855 ,3609 3887.416016 ,11555 12446.409180 ,18953 20415.128906 ,11299 12170.659180 ,5844 6294.834961 ,6020 6484.412598 ,8004 8621.467773 ,10324 11120.444336 ,2389 2573.299072 ,1500 1615.717285 ,5482 5904.908691 ,5396 5812.273926 ,4643 5001.183594 ,14840 15984.830078 ,9884 10646.500000 ,1141 1229.022339 ,1356 1460.608398 ,11077 11931.534180 ,7992 8608.541992 ,8245 8881.059570 ,6121 6593.203613 ,13617 14667.482422 ,12275 13221.953125 ,5864 6316.377441 ,18188 19591.109375 ,6595 7103.770996 ,11437 12319.305664 ,13030 14035.197266 ,5366 5779.959473 ,5785 6231.283203 ,10030 10803.763672 ,18830 20282.638672 ,18353 19768.841797 ,19464 20965.546875 ,12103 13036.685547 ,3573 3848.638672 ,11692 12593.977539 ,11092 11947.691406 ,6734 7253.493164 ,5416 5833.816406 ,8857 9540.272461 ,4358 4694.197266 ,9142 9847.257812 ,17476 18824.183594 ,14377 15486.112305 ,4921 5300.630371 ,4783 5151.984375 ,4677 5037.806641 ,9380 10103.618164 ,11582 12475.493164 ,6502 7003.596191 ,6939 7474.308594 ,1945 2095.046875 ,1872 2016.415283 
Data_20_brain,9323 9982.918945 ,3591 3845.185059 ,3448 3692.063232 ,13333 14276.762695 ,14693 15733.028320 ,5528 5919.293945 ,4660 4989.853027 ,1458 1561.203125 ,1342 1436.992188 ,192 205.590530 ,5121 5483.484863 ,414 443.304565 ,1885 2018.427856 ,1492 1597.609619 ,1089 1166.083740 ,1320 1413.434814 ,1020 1092.199707 ,360 385.482208 ,4639 4967.366699 ,6420 6874.433594 ,11462 12273.326172 ,10751 11511.999023 ,8791 9413.261719 ,9179 9828.725586 ,6297 6742.726562 ,6848 7332.728027 ,17304 18528.845703 ,18524 19835.201172 ,13700 14669.740234 ,1061 1136.101807 ,1361 1457.336914 ,12633 13527.214844 ,8322 8911.064453 ,2180 2334.309082 ,2849 3050.663574 ,3088 3306.580811 ,2965 3174.874512 ,8759 9378.996094 ,19952 21364.281250 ,8894 9523.552734 ,5317 5693.357910 ,6211 6650.639648 ,8432 9028.849609 ,9898 10598.619141 ,1548 1657.573608 ,1247 1335.267578 ,4752 5088.365723 ,4500 4818.527832 ,4794 5133.338379 ,17126 18338.246094 ,5463 5849.692383 ,920 985.121277 ,1034 1107.190552 ,10791 11554.830078 ,8357 8948.541992 ,8006 8572.696289 ,6749 7226.720703 ,11936 12780.876953 ,11290 12089.151367 ,7012 7508.337402 ,20482 21931.798828 ,6210 6649.568359 ,16347 17504.105469 ,12658 13553.984375 ,4228 4527.274902 ,5032 5388.184570 ,9343 10004.334961 ,12363 13238.102539 ,23848 25536.056641 ,27090 29007.537109 ,11519 12334.361328 ,3947 4226.384766 ,10153 10871.669922 ,12181 13043.218750 ,6406 6859.442383 ,8127 8702.260742 ,12020 12870.822266 ,4283 4586.167969 ,8879 9507.491211 ,18410 19713.132812 ,15096 16164.554688 ,8526 9129.503906 ,4393 4703.953613 ,5235 5605.553711 ,7385 7907.739746 ,7327 7845.634277 ,3445 3688.850830 ,4367 4676.113770 ,1091 1168.225342 ,1167 1249.604858 
Data_21_brain,12100 12100.000000 ,3919 3919.000000 ,3705 3705.000000 ,9842 9842.000000 ,18455 18455.000000 ,5065 5065.000000 ,5216 5216.000000 ,954 954.000000 ,1140 1140.000000 ,189 189.000000 ,7443 7443.000000 ,425 425.000000 ,1586 1586.000000 ,1619 1619.000000 ,1534 1534.000000 ,1655 1655.000000 ,1384 1384.000000 ,511 511.000000 ,6454 6454.000000 ,9373 9373.000000 ,12296 12296.000000 ,12096 12096.000000 ,11776 11776.000000 ,11638 11638.000000 ,5100 5100.000000 ,6924 6924.000000 ,10679 10679.000000 ,25469 25469.000000 ,13201 13201.000000 ,1686 1686.000000 ,1693 1693.000000 ,18111 18111.000000 ,13668 13668.000000 ,4838 4838.000000 ,4468 4468.000000 ,5743 5743.000000 ,4750 4750.000000 ,9741 9741.000000 ,22382 22382.000000 ,8649 8649.000000 ,7372 7372.000000 ,6101 6101.000000 ,11440 11440.000000 ,12577 12577.000000 ,2620 2620.000000 ,1767 1767.000000 ,6183 6183.000000 ,5600 5600.000000 ,6671 6671.000000 ,20359 20359.000000 ,7801 7801.000000 ,1462 1462.000000 ,1377 1377.000000 ,13838 13838.000000 ,7485 7485.000000 ,11191 11191.000000 ,9014 9014.000000 ,10433 10433.000000 ,12198 12198.000000 ,6941 6941.000000 ,26368 26368.000000 ,6852 6852.000000 ,13168 13168.000000 ,12397 12397.000000 ,4334 4334.000000 ,4856 4856.000000 ,11192 11192.000000 ,17359 17359.000000 ,21911 21911.000000 ,22308 22308.000000 ,11995 11995.000000 ,4720 4720.000000 ,14288 14288.000000 ,16501 16501.000000 ,6348 6348.000000 ,5801 5801.000000 ,11524 11524.000000 ,3979 3979.000000 ,8497 8497.000000 ,19828 19828.000000 ,19234 19234.000000 ,8538 8538.000000 ,5648 5648.000000 ,6707 6707.000000 ,5971 5971.000000 ,5391 5391.000000 ,5264 5264.000000 ,6111 6111.000000 ,1625 1625.000000 ,1116 1116.000000 
Data_22_brain,13535 14598.201172 ,3732 4025.156006 ,3861 4164.289062 ,13810 14894.802734 ,14919 16090.916992 ,5136 5539.442871 ,4381 4725.135742 ,1019 1099.044434 ,1178 1270.534180 ,211 227.574478 ,4517 4871.819336 ,612 660.073853 ,2080 2243.388184 ,1478 1594.099854 ,948 1022.467285 ,1450 1563.900391 ,1136 1225.235107 ,752 811.071106 ,5319 5736.817871 ,6781 7313.661621 ,13428 14482.795898 ,11110 11982.711914 ,10165 10963.481445 ,9072 9784.623047 ,6197 6683.786621 ,7541 8133.360840 ,12919 13933.812500 ,17973 19384.814453 ,13953 15049.035156 ,1820 1962.964600 ,1817 1959.729126 ,15323 16526.652344 ,10845 11696.896484 ,2902 3129.958008 ,2766 2983.274902 ,3836 4137.325195 ,2997 3232.420166 ,10854 11706.602539 ,15039 16220.343750 ,9807 10577.360352 ,8514 9182.791016 ,7073 7628.598145 ,10062 10852.389648 ,11459 12359.126953 ,2325 2507.633301 ,1699 1832.459839 ,5168 5573.956543 ,5047 5443.452148 ,5574 6011.849121 ,15040 16221.421875 ,6757 7287.775391 ,1213 1308.283447 ,1383 1491.637451 ,13249 14289.735352 ,9948 10729.435547 ,9353 10087.697266 ,7307 7880.979492 ,13165 14199.136719 ,12616 13607.011719 ,7281 7852.937012 ,20978 22625.863281 ,5674 6119.704102 ,15779 17018.472656 ,9313 10044.554688 ,4717 5087.529785 ,4472 4823.284668 ,12626 13617.797852 ,14450 15585.076172 ,20614 22233.269531 ,22147 23886.691406 ,13163 14196.979492 ,3400 3667.076904 ,13755 14835.482422 ,14478 15615.276367 ,9177 9897.871094 ,4941 5329.125000 ,10042 10830.818359 ,4764 5138.222168 ,10049 10838.369141 ,17488 18861.718750 ,15729 16964.544922 ,8504 9172.005859 ,4718 5088.608398 ,4253 4587.081543 ,6209 6696.729004 ,6549 7063.437012 ,4249 4582.767578 ,4659 5024.973633 ,1408 1518.601196 ,1341 1446.338257 
Data_23_brain,13761 14816.361328 ,4232 4556.561035 ,3754 4041.902344 ,16639 17915.080078 ,21106 22724.664062 ,6325 6810.077637 ,9309 10022.926758 ,1683 1812.072876 ,2438 2624.975586 ,208 223.951965 ,5424 5839.978027 ,648 697.696533 ,1937 2085.552734 ,1420 1528.902832 ,1276 1373.859253 ,1654 1780.848755 ,935 1006.707214 ,486 523.272400 ,7490 8064.423828 ,10232 11016.714844 ,12001 12921.381836 ,11086 11936.209961 ,10041 10811.065430 ,10703 11523.836914 ,8070 8688.905273 ,9098 9795.745117 ,19124 20590.662109 ,26036 28032.755859 ,21290 22922.777344 ,1848 1989.727051 ,1855 1997.263916 ,27510 29619.800781 ,18386 19796.060547 ,6003 6463.382812 ,5050 5437.295410 ,6158 6630.270020 ,3999 4305.691895 ,12166 13099.037109 ,25494 27449.189453 ,11706 12603.758789 ,8289 8924.701172 ,7108 7653.127930 ,7660 8247.461914 ,10306 11096.389648 ,2065 2223.369385 ,1520 1636.572144 ,5949 6405.241211 ,7413 7981.519043 ,8564 9220.791992 ,23176 24953.416016 ,13519 14555.800781 ,1182 1272.650146 ,1751 1885.287964 ,17945 19321.240234 ,11738 12638.212891 ,17289 18614.929688 ,13946 15015.548828 ,15687 16890.070312 ,14758 15889.823242 ,9970 10734.621094 ,24972 26887.156250 ,8866 9545.952148 ,20252 21805.169922 ,11744 12644.672852 ,5428 5844.285156 ,6647 7156.772461 ,16890 18185.330078 ,24835 26739.650391 ,27022 29094.375000 ,32041 34498.292969 ,14220 15310.563477 ,6507 7006.036133 ,19942 21471.394531 ,18176 19569.957031 ,7285 7843.702148 ,6077 6543.057617 ,15774 16983.742188 ,6697 7210.607422 ,8234 8865.483398 ,24860 26766.566406 ,21352 22989.529297 ,10090 10863.824219 ,6144 6615.196289 ,6536 7037.259766 ,8008 8622.150391 ,5840 6287.882324 ,5057 5444.832031 ,5764 6206.053711 ,1623 1747.471436 ,1589 1710.863892 
Data_24_brain,13500 13500.000000 ,3647 3647.000000 ,3051 3051.000000 ,11978 11978.000000 ,23117 23117.000000 ,4043 4043.000000 ,3803 3803.000000 ,1139 1139.000000 ,1706 1706.000000 ,105 105.000000 ,6568 6568.000000 ,269 269.000000 ,1273 1273.000000 ,1089 1089.000000 ,714 714.000000 ,1801 1801.000000 ,746 746.000000 ,163 163.000000 ,6605 6605.000000 ,9785 9785.000000 ,14293 14293.000000 ,15935 15935.000000 ,13481 13481.000000 ,12401 12401.000000 ,7177 7177.000000 ,8604 8604.000000 ,11544 11544.000000 ,21001 21001.000000 ,14146 14146.000000 ,2353 2353.000000 ,2117 2117.000000 ,20046 20046.000000 ,13627 13627.000000 ,5671 5671.000000 ,6785 6785.000000 ,6568 6568.000000 ,5853 5853.000000 ,10964 10964.000000 ,21470 21470.000000 ,10415 10415.000000 ,7405 7405.000000 ,5943 5943.000000 ,10131 10131.000000 ,11966 11966.000000 ,3628 3628.000000 ,2967 2967.000000 ,5432 5432.000000 ,9094 9094.000000 ,6937 6937.000000 ,24883 24883.000000 ,14729 14729.000000 ,1334 1334.000000 ,3405 3405.000000 ,17960 17960.000000 ,12037 12037.000000 ,13340 13340.000000 ,11474 11474.000000 ,14584 14584.000000 ,14839 14839.000000 ,9297 9297.000000 ,25712 25712.000000 ,7730 7730.000000 ,14146 14146.000000 ,12512 12512.000000 ,5131 5131.000000 ,7215 7215.000000 ,15772 15772.000000 ,16720 16720.000000 ,23800 23800.000000 ,23652 23652.000000 ,12341 12341.000000 ,5338 5338.000000 ,12267 12267.000000 ,15427 15427.000000 ,8066 8066.000000 ,7391 7391.000000 ,15473 15473.000000 ,5447 5447.000000 ,12330 12330.000000 ,23468 23468.000000 ,24074 24074.000000 ,12208 12208.000000 ,5743 5743.000000 ,4942 4942.000000 ,7455 7455.000000 ,6071 6071.000000 ,6275 6275.000000 ,8209 8209.000000 ,2087 2087.000000 ,1616 1616.000000 
Data_25_brain,13035 13035.000000 ,3859 3859.000000 ,3561 3561.000000 ,14497 14497.000000 ,27163 27163.000000 ,5332 5332.000000 ,5584 5584.000000 ,911 911.000000 ,855 855.000000 ,161 161.000000 ,7478 7478.000000 ,414 414.000000 ,1337 1337.000000 ,1569 1569.000000 ,1118 1118.000000 ,2273 2273.000000 ,787 787.000000 ,210 210.000000 ,8962 8962.000000 ,8132 8132.000000 ,16026 16026.000000 ,11178 11178.000000 ,17046 17046.000000 ,19774 19774.000000 ,5791 5791.000000 ,9224 9224.000000 ,11386 11386.000000 ,22595 22595.000000 ,11536 11536.000000 ,1619 1619.000000 ,1302 1302.000000 ,17166 17166.000000 ,14446 14446.000000 ,5921 5921.000000 ,5058 5058.000000 ,6903 6903.000000 ,5957 5957.000000 ,9757 9757.000000 ,21226 21226.000000 ,9472 9472.000000 ,6298 6298.000000 ,6586 6586.000000 ,10290 10290.000000 ,9576 9576.000000 ,3379 3379.000000 ,3217 3217.000000 ,5431 5431.000000 ,5705 5705.000000 ,7518 7518.000000 ,18064 18064.000000 ,5688 5688.000000 ,1312 1312.000000 ,944 944.000000 ,15503 15503.000000 ,9132 9132.000000 ,11881 11881.000000 ,9261 9261.000000 ,11515 11515.000000 ,14395 14395.000000 ,6038 6038.000000 ,22421 22421.000000 ,6370 6370.000000 ,9878 9878.000000 ,10217 10217.000000 ,3715 3715.000000 ,5926 5926.000000 ,13167 13167.000000 ,16706 16706.000000 ,26742 26742.000000 ,27693 27693.000000 ,17180 17180.000000 ,6990 6990.000000 ,19503 19503.000000 ,14155 14155.000000 ,7381 7381.000000 ,6925 6925.000000 ,12380 12380.000000 ,4875 4875.000000 ,8883 8883.000000 ,26487 26487.000000 ,21898 21898.000000 ,10094 10094.000000 ,9256 9256.000000 ,3620 3620.000000 ,4979 4979.000000 ,5131 5131.000000 ,5782 5782.000000 ,6598 6598.000000 ,1903 1903.000000 ,1177 1177.000000 
Data_26_brain,12398 12398.000000 ,3177 3177.000000 ,3861 3861.000000 ,10451 10451.000000 ,20646 20646.000000 ,4201 4201.000000 ,4763 4763.000000 ,999 999.000000 ,840 840.000000 ,140 140.000000 ,7237 7237.000000 ,287 287.000000 ,1981 1981.000000 ,1367 1367.000000 ,879 879.000000 ,1578 1578.000000 ,882 882.000000 ,237 237.000000 ,6995 6995.000000 ,8326 8326.000000 ,16137 16137.000000 ,10761 10761.000000 ,11567 11567.000000 ,11690 11690.000000 ,4833 4833.000000 ,7938 7938.000000 ,13357 13357.000000 ,20710 20710.000000 ,12169 12169.000000 ,1771 1771.000000 ,1788 1788.000000 ,18240 18240.000000 ,14218 14218.000000 ,4150 4150.000000 ,4410 4410.000000 ,5594 5594.000000 ,4501 4501.000000 ,10396 10396.000000 ,15875 15875.000000 ,9451 9451.000000 ,6837 6837.000000 ,6792 6792.000000 ,10378 10378.000000 ,11723 11723.000000 ,2495 2495.000000 ,2147 2147.000000 ,5272 5272.000000 ,5065 5065.000000 ,7298 7298.000000 ,17281 17281.000000 ,6277 6277.000000 ,1417 1417.000000 ,771 771.000000 ,13216 13216.000000 ,7750 7750.000000 ,8935 8935.000000 ,7061 7061.000000 ,10917 10917.000000 ,10525 10525.000000 ,6139 6139.000000 ,21635 21635.000000 ,7381 7381.000000 ,11422 11422.000000 ,13048 13048.000000 ,3483 3483.000000 ,6070 6070.000000 ,10447 10447.000000 ,17544 17544.000000 ,23137 23137.000000 ,20510 20510.000000 ,12430 12430.000000 ,5742 5742.000000 ,10962 10962.000000 ,14986 14986.000000 ,7042 7042.000000 ,6565 6565.000000 ,7551 7551.000000 ,4602 4602.000000 ,11872 11872.000000 ,21532 21532.000000 ,17921 17921.000000 ,7571 7571.000000 ,5390 5390.000000 ,3892 3892.000000 ,5408 5408.000000 ,5255 5255.000000 ,5721 5721.000000 ,6334 6334.000000 ,1743 1743.000000 ,956 956.000000 
Data_27_brain,13724 13724.000000 ,3483 3483.000000 ,2782 2782.000000 ,12318 12318.000000 ,21508 21508.000000 ,5239 5239.000000 ,3843 3843.000000 ,1171 1171.000000 ,1977 1977.000000 ,101 101.000000 ,9310 9310.000000 ,230 230.000000 ,1823 1823.000000 ,1150 1150.000000 ,770 770.000000 ,1798 1798.000000 ,1212 1212.000000 ,260 260.000000 ,7102 7102.000000 ,6366 6366.000000 ,16111 16111.000000 ,13214 13214.000000 ,16500 16500.000000 ,13827 13827.000000 ,5664 5664.000000 ,8317 8317.000000 ,17738 17738.000000 ,23298 23298.000000 ,14449 14449.000000 ,1857 1857.000000 ,1464 1464.000000 ,25071 25071.000000 ,13936 13936.000000 ,6110 6110.000000 ,6660 6660.000000 ,5827 5827.000000 ,6593 6593.000000 ,11404 11404.000000 ,25143 25143.000000 ,10844 10844.000000 ,6822 6822.000000 ,5133 5133.000000 ,9966 9966.000000 ,11982 11982.000000 ,3713 3713.000000 ,2522 2522.000000 ,6004 6004.000000 ,9037 9037.000000 ,10976 10976.000000 ,23007 23007.000000 ,14693 14693.000000 ,1598 1598.000000 ,5218 5218.000000 ,17474 17474.000000 ,11076 11076.000000 ,11965 11965.000000 ,10200 10200.000000 ,14630 14630.000000 ,15096 15096.000000 ,7580 7580.000000 ,24606 24606.000000 ,6239 6239.000000 ,11073 11073.000000 ,10929 10929.000000 ,4213 4213.000000 ,6263 6263.000000 ,14953 14953.000000 ,17977 17977.000000 ,25131 25131.000000 ,26022 26022.000000 ,12925 12925.000000 ,5948 5948.000000 ,16074 16074.000000 ,12736 12736.000000 ,7954 7954.000000 ,5596 5596.000000 ,9369 9369.000000 ,4223 4223.000000 ,11189 11189.000000 ,27000 27000.000000 ,23212 23212.000000 ,10283 10283.000000 ,7473 7473.000000 ,5119 5119.000000 ,6032 6032.000000 ,6351 6351.000000 ,6190 6190.000000 ,7272 7272.000000 ,1944 1944.000000 ,1653 1653.000000 
Data_28_brain,13109 13109.000000 ,3625 3625.000000 ,4551 4551.000000 ,10905 10905.000000 ,18578 18578.000000 ,5387 5387.000000 ,4826 4826.000000 ,1002 1002.000000 ,1526 1526.000000 ,143 143.000000 ,5712 5712.000000 ,447 447.000000 ,2288 2288.000000 ,1897 1897.000000 ,1289 1289.000000 ,1751 1751.000000 ,1249 1249.000000 ,319 319.000000 ,9429 9429.000000 ,8005 8005.000000 ,14470 14470.000000 ,12818 12818.000000 ,14089 14089.000000 ,10721 10721.000000 ,5392 5392.000000 ,8165 8165.000000 ,10364 10364.000000 ,17311 17311.000000 ,10342 10342.000000 ,1909 1909.000000 ,1583 1583.000000 ,16217 16217.000000 ,12195 12195.000000 ,4788 4788.000000 ,5097 5097.000000 ,7244 7244.000000 ,5918 5918.000000 ,10841 10841.000000 ,19889 19889.000000 ,9236 9236.000000 ,6933 6933.000000 ,5849 5849.000000 ,9190 9190.000000 ,10247 10247.000000 ,2313 2313.000000 ,1750 1750.000000 ,6380 6380.000000 ,5404 5404.000000 ,6424 6424.000000 ,17061 17061.000000 ,6348 6348.000000 ,1875 1875.000000 ,956 956.000000 ,15453 15453.000000 ,9872 9872.000000 ,9829 9829.000000 ,7220 7220.000000 ,10306 10306.000000 ,12750 12750.000000 ,6861 6861.000000 ,20372 20372.000000 ,6201 6201.000000 ,14627 14627.000000 ,13334 13334.000000 ,5390 5390.000000 ,4640 4640.000000 ,11399 11399.000000 ,13846 13846.000000 ,21717 21717.000000 ,25545 25545.000000 ,12750 12750.000000 ,5698 5698.000000 ,13489 13489.000000 ,12496 12496.000000 ,7781 7781.000000 ,5634 5634.000000 ,13366 13366.000000 ,4500 4500.000000 ,6150 6150.000000 ,19287 19287.000000 ,16309 16309.000000 ,8376 8376.000000 ,5874 5874.000000 ,4333 4333.000000 ,5401 5401.000000 ,4962 4962.000000 ,5733 5733.000000 ,6318 6318.000000 ,2134 2134.000000 ,1572 1572.000000 
Data_29_brain,11963 11963.000000 ,2849 2849.000000 ,3182 3182.000000 ,8528 8528.000000 ,12974 12974.000000 ,3678 3678.000000 ,3515 3515.000000 ,932 932.000000 ,916 916.000000 ,113 113.000000 ,6611 6611.000000 ,383 383.000000 ,1708 1708.000000 ,1713 1713.000000 ,972 972.000000 ,1458 1458.000000 ,874 874.000000 ,216 216.000000 ,6614 6614.000000 ,7351 7351.000000 ,12060 12060.000000 ,12938 12938.000000 ,9375 9375.000000 ,8865 8865.000000 ,4449 4449.000000 ,6905 6905.000000 ,10678 10678.000000 ,19322 19322.000000 ,10128 10128.000000 ,1463 1463.000000 ,1180 1180.000000 ,16596 16596.000000 ,9058 9058.000000 ,4026 4026.000000 ,5425 5425.000000 ,4916 4916.000000 ,4561 4561.000000 ,8703 8703.000000 ,18717 18717.000000 ,7751 7751.000000 ,7342 7342.000000 ,6474 6474.000000 ,8794 8794.000000 ,9111 9111.000000 ,2828 2828.000000 ,1917 1917.000000 ,5371 5371.000000 ,4548 4548.000000 ,7548 7548.000000 ,16021 16021.000000 ,7516 7516.000000 ,1399 1399.000000 ,959 959.000000 ,12553 12553.000000 ,7416 7416.000000 ,10576 10576.000000 ,7955 7955.000000 ,10211 10211.000000 ,10382 10382.000000 ,7060 7060.000000 ,18031 18031.000000 ,6386 6386.000000 ,9669 9669.000000 ,9158 9158.000000 ,2652 2652.000000 ,3138 3138.000000 ,11256 11256.000000 ,15437 15437.000000 ,20193 20193.000000 ,22471 22471.000000 ,11639 11639.000000 ,4360 4360.000000 ,12045 12045.000000 ,9857 9857.000000 ,6643 6643.000000 ,4619 4619.000000 ,11182 11182.000000 ,5739 5739.000000 ,11738 11738.000000 ,24172 24172.000000 ,20152 20152.000000 ,8146 8146.000000 ,6175 6175.000000 ,4083 4083.000000 ,4416 4416.000000 ,4265 4265.000000 ,5092 5092.000000 ,6259 6259.000000 ,1538 1538.000000 ,1285 1285.000000 
Data_30_brain,12253 12253.000000 ,3185 3185.000000 ,3646 3646.000000 ,10837 10837.000000 ,18205 18205.000000 ,4990 4990.000000 ,4975 4975.000000 ,1112 1112.000000 ,1023 1023.000000 ,192 192.000000 ,5859 5859.000000 ,678 678.000000 ,2545 2545.000000 ,1233 1233.000000 ,1046 1046.000000 ,1537 1537.000000 ,1307 1307.000000 ,410 410.000000 ,7238 7238.000000 ,8052 8052.000000 ,11725 11725.000000 ,14238 14238.000000 ,10377 10377.000000 ,10573 10573.000000 ,4321 4321.000000 ,7438 7438.000000 ,14479 14479.000000 ,21689 21689.000000 ,17480 17480.000000 ,1742 1742.000000 ,1443 1443.000000 ,18881 18881.000000 ,13133 13133.000000 ,5293 5293.000000 ,4686 4686.000000 ,5380 5380.000000 ,3859 3859.000000 ,11055 11055.000000 ,18551 18551.000000 ,8997 8997.000000 ,6282 6282.000000 ,6789 6789.000000 ,11215 11215.000000 ,11081 11081.000000 ,2649 2649.000000 ,1476 1476.000000 ,5536 5536.000000 ,4891 4891.000000 ,6863 6863.000000 ,22204 22204.000000 ,7298 7298.000000 ,1304 1304.000000 ,1015 1015.000000 ,15460 15460.000000 ,8631 8631.000000 ,11139 11139.000000 ,11305 11305.000000 ,11592 11592.000000 ,12895 12895.000000 ,6310 6310.000000 ,23127 23127.000000 ,7020 7020.000000 ,8970 8970.000000 ,11186 11186.000000 ,3152 3152.000000 ,4736 4736.000000 ,10759 10759.000000 ,17818 17818.000000 ,24349 24349.000000 ,24436 24436.000000 ,14880 14880.000000 ,4408 4408.000000 ,14583 14583.000000 ,11938 11938.000000 ,7560 7560.000000 ,4984 4984.000000 ,14663 14663.000000 ,4193 4193.000000 ,9054 9054.000000 ,18648 18648.000000 ,19103 19103.000000 ,8813 8813.000000 ,5064 5064.000000 ,3483 3483.000000 ,6438 6438.000000 ,5619 5619.000000 ,5506 5506.000000 ,5921 5921.000000 ,1883 1883.000000 ,1129 1129.000000 
Data_31_brain,11854 11854.000000 ,2970 2970.000000 ,3127 3127.000000 ,10601 10601.000000 ,18736 18736.000000 ,5207 5207.000000 ,4263 4263.000000 ,876 876.000000 ,992 992.000000 ,179 179.000000 ,5072 5072.000000 ,380 380.000000 ,1960 1960.000000 ,1168 1168.000000 ,780 780.000000 ,1449 1449.000000 ,1168 1168.000000 ,302 302.000000 ,5389 5389.000000 ,7627 7627.000000 ,15821 15821.000000 ,9937 9937.000000 ,12283 12283.000000 ,11806 11806.000000 ,4722 4722.000000 ,7415 7415.000000 ,12430 12430.000000 ,18966 18966.000000 ,16535 16535.000000 ,1600 1600.000000 ,1384 1384.000000 ,16638 16638.000000 ,9718 9718.000000 ,3109 3109.000000 ,4106 4106.000000 ,5679 5679.000000 ,5072 5072.000000 ,9557 9557.000000 ,17689 17689.000000 ,9920 9920.000000 ,5882 5882.000000 ,6295 6295.000000 ,9482 9482.000000 ,9597 9597.000000 ,3600 3600.000000 ,2930 2930.000000 ,6133 6133.000000 ,5337 5337.000000 ,6538 6538.000000 ,17109 17109.000000 ,6204 6204.000000 ,1098 1098.000000 ,904 904.000000 ,12388 12388.000000 ,11411 11411.000000 ,6164 6164.000000 ,7132 7132.000000 ,9739 9739.000000 ,13047 13047.000000 ,5002 5002.000000 ,20875 20875.000000 ,6131 6131.000000 ,11512 11512.000000 ,12300 12300.000000 ,3755 3755.000000 ,5871 5871.000000 ,9712 9712.000000 ,13471 13471.000000 ,20715 20715.000000 ,26297 26297.000000 ,13835 13835.000000 ,4594 4594.000000 ,11231 11231.000000 ,11865 11865.000000 ,8172 8172.000000 ,4979 4979.000000 ,11754 11754.000000 ,5273 5273.000000 ,9905 9905.000000 ,25211 25211.000000 ,18877 18877.000000 ,9253 9253.000000 ,4505 4505.000000 ,5426 5426.000000 ,5433 5433.000000 ,5701 5701.000000 ,6591 6591.000000 ,7604 7604.000000 ,2195 2195.000000 ,1164 1164.000000 
Data_32_brain,13331 13331.000000 ,2764 2764.000000 ,3052 3052.000000 ,9091 9091.000000 ,14068 14068.000000 ,4461 4461.000000 ,4149 4149.000000 ,1064 1064.000000 ,1111 1111.000000 ,130 130.000000 ,7127 7127.000000 ,475 475.000000 ,2385 2385.000000 ,2610 2610.000000 ,1168 1168.000000 ,1405 1405.000000 ,1084 1084.000000 ,304 304.000000 ,9014 9014.000000 ,8156 8156.000000 ,14207 14207.000000 ,9567 9567.000000 ,14172 14172.000000 ,13981 13981.000000 ,6000 6000.000000 ,11216 11216.000000 ,10101 10101.000000 ,20428 20428.000000 ,13858 13858.000000 ,2379 2379.000000 ,2145 2145.000000 ,16207 16207.000000 ,12932 12932.000000 ,5625 5625.000000 ,7127 7127.000000 ,9703 9703.000000 ,6787 6787.000000 ,11271 11271.000000 ,30520 30520.000000 ,10346 10346.000000 ,6207 6207.000000 ,7120 7120.000000 ,11066 11066.000000 ,10647 10647.000000 ,3384 3384.000000 ,2025 2025.000000 ,5674 5674.000000 ,4553 4553.000000 ,6678 6678.000000 ,17308 17308.000000 ,6133 6133.000000 ,1458 1458.000000 ,1003 1003.000000 ,16470 16470.000000 ,12087 12087.000000 ,12462 12462.000000 ,8534 8534.000000 ,13544 13544.000000 ,14036 14036.000000 ,6782 6782.000000 ,19518 19518.000000 ,8684 8684.000000 ,11930 11930.000000 ,15799 15799.000000 ,5450 5450.000000 ,7036 7036.000000 ,13817 13817.000000 ,17002 17002.000000 ,19531 19531.000000 ,20916 20916.000000 ,10873 10873.000000 ,5808 5808.000000 ,9467 9467.000000 ,14302 14302.000000 ,3914 3914.000000 ,8424 8424.000000 ,9743 9743.000000 ,8552 8552.000000 ,7938 7938.000000 ,18844 18844.000000 ,14499 14499.000000 ,6883 6883.000000 ,6207 6207.000000 ,4602 4602.000000 ,5234 5234.000000 ,5396 5396.000000 ,5515 5515.000000 ,6188 6188.000000 ,1817 1817.000000 ,1205 1205.000000 
Data_33_brain,11845 12726.208984 ,3009 3232.854248 ,2841 3052.355957 ,11389 12236.284180 ,14222 15280.044922 ,5569 5983.305664 ,5210 5597.598145 ,978 1050.758301 ,1075 1154.974609 ,203 218.102173 ,5766 6194.961426 ,742 797.201050 ,2070 2223.997559 ,1361 1462.251465 ,1356 1456.879517 ,1524 1637.378052 ,1195 1283.901855 ,486 522.155945 ,5929 6370.087402 ,10855 11662.557617 ,15482 16633.783203 ,12805 13757.626953 ,9706 10428.077148 ,10724 11521.811523 ,6636 7129.685059 ,8577 9215.084961 ,10359 11129.657227 ,23778 25546.962891 ,10567 11353.131836 ,1341 1440.763550 ,1364 1465.474609 ,17173 18450.583984 ,12738 13685.643555 ,2777 2983.594971 ,5265 5656.689453 ,4081 4384.605957 ,4172 4482.375977 ,10807 11610.986328 ,35246 37868.125000 ,10300 11066.268555 ,6807 7313.406250 ,7151 7682.998047 ,8645 9288.144531 ,11020 11839.831055 ,2405 2583.919678 ,1523 1636.303467 ,6284 6751.498047 ,6090 6543.064453 ,6402 6878.276367 ,16942 18202.398438 ,6583 7072.741699 ,1187 1275.306763 ,1238 1330.100952 ,16118 17317.097656 ,13353 14346.394531 ,10969 11785.038086 ,7970 8562.927734 ,14462 15537.899414 ,13420 14418.380859 ,8194 8803.592773 ,19988 21475.007812 ,9496 10202.454102 ,16458 17682.392578 ,15745 16916.347656 ,5766 6194.961426 ,6806 7312.331543 ,11753 12627.364258 ,14038 15082.355469 ,25564 27465.830078 ,38366 41220.234375 ,17144 18419.425781 ,5131 5512.720215 ,15705 16873.371094 ,21113 22683.699219 ,15806 16981.886719 ,5965 6408.765625 ,10377 11148.997070 ,4683 5031.391113 ,14148 15200.539062 ,20830 22379.644531 ,19212 20641.275391 ,7383 7932.257812 ,6429 6907.285645 ,5898 6336.781738 ,10867 11675.450195 ,10977 11793.632812 ,5063 5439.661621 ,5540 5952.147949 ,1429 1535.310425 ,1417 1522.417603 
Data_34_brain,11399 12153.693359 ,3289 3506.754395 ,3285 3502.489990 ,12686 13525.902344 ,14716 15690.301758 ,5497 5860.939941 ,4648 4955.729980 ,1035 1103.524292 ,1078 1149.371094 ,184 196.182083 ,4812 5130.587891 ,723 770.867615 ,1951 2080.169678 ,1285 1370.075928 ,1186 1264.521362 ,1545 1647.289795 ,899 958.520081 ,472 503.249695 ,4826 5145.514648 ,6069 6470.810059 ,9135 9739.800781 ,10047 10712.180664 ,9223 9833.626953 ,9231 9842.157227 ,6211 6622.211426 ,7219 7696.948242 ,11559 12324.287109 ,18561 19789.867188 ,13523 14418.316406 ,1280 1364.744873 ,1173 1250.660767 ,12830 13679.434570 ,9589 10223.857422 ,2862 3051.484375 ,3752 4000.408691 ,4011 4276.556152 ,3823 4076.109131 ,8320 8870.841797 ,16510 17603.076172 ,8191 8733.301758 ,6028 6427.095703 ,5904 6294.885742 ,8192 8734.367188 ,10179 10852.920898 ,1961 2090.831787 ,1386 1477.762817 ,4378 4667.854004 ,4322 4608.146484 ,4152 4426.891113 ,18343 19557.433594 ,4951 5278.790527 ,1173 1250.660767 ,1103 1176.026245 ,9762 10408.312500 ,7291 7773.714844 ,6042 6442.022461 ,7108 7578.599121 ,11717 12492.747070 ,10482 11175.981445 ,4758 5073.012695 ,18630 19863.435547 ,6318 6736.295410 ,14762 15739.347656 ,8193 8735.433594 ,5114 5452.582520 ,4195 4472.738281 ,9908 10563.977539 ,11511 12273.108398 ,19632 20931.775391 ,18848 20095.871094 ,9676 10316.619141 ,3981 4244.570312 ,8760 9339.973633 ,13004 13864.955078 ,6019 6417.500000 ,5391 5747.921875 ,8334 8885.769531 ,5715 6093.373047 ,6547 6980.457031 ,15417 16437.712891 ,12032 12828.602539 ,6631 7070.018066 ,4855 5176.435059 ,3216 3428.921875 ,4567 4869.367676 ,4737 5050.622070 ,4962 5290.519043 ,5016 5348.094238 ,1628 1735.784912 ,1476 1573.721436 
Data_35_brain,12629 13584.676758 ,3132 3369.008545 ,2961 3185.068359 ,14204 15278.862305 ,18147 19520.240234 ,5928 6376.590820 ,5534 5952.775879 ,1412 1518.850586 ,1123 1207.980957 ,125 134.459152 ,7324 7878.230469 ,345 371.107269 ,1871 2012.584473 ,1715 1844.779419 ,1368 1471.520996 ,1290 1387.618286 ,1071 1152.046021 ,515 553.971680 ,7331 7885.760742 ,6372 6854.189453 ,24822 26700.359375 ,14661 15770.445312 ,28338 30482.425781 ,11480 12348.728516 ,6465 6954.227539 ,7710 8293.440430 ,16304 17537.775391 ,39834 42848.367188 ,18487 19885.968750 ,1568 1686.655518 ,1653 1778.087891 ,19315 20776.626953 ,14738 15853.272461 ,2265 2436.399902 ,5132 5520.354980 ,3891 4185.444336 ,4436 4771.686523 ,12564 13514.757812 ,32697 35171.285156 ,10105 10869.677734 ,7508 8076.154297 ,7288 7839.505859 ,9736 10472.753906 ,10160 10928.839844 ,2026 2179.313721 ,1213 1304.791626 ,5227 5622.543457 ,5143 5532.187500 ,6499 6990.799805 ,32339 34786.195312 ,7035 7567.360840 ,1025 1102.565063 ,1177 1266.067261 ,12322 13254.445312 ,9136 9827.350586 ,11669 12552.030273 ,13245 14247.291992 ,13982 15040.063477 ,13218 14218.248047 ,13247 14249.442383 ,32351 34799.101562 ,13036 14022.474609 ,21223 22829.013672 ,15693 16880.539062 ,5921 6369.061035 ,3783 4069.271484 ,13051 14038.611328 ,13332 14340.874023 ,36588 39356.730469 ,35356 38031.500000 ,24949 26836.972656 ,3725 4006.882568 ,22654 24368.298828 ,33006 35503.667969 ,15963 17170.970703 ,6468 6957.454102 ,12327 13259.823242 ,13573 14600.112305 ,22825 24552.240234 ,40630 43704.601562 ,29117 31320.375000 ,14300 15382.125977 ,7439 8001.933105 ,10796 11612.967773 ,5960 6411.012207 ,5570 5991.499512 ,4733 5091.161133 ,4972 5348.247070 ,1283 1380.088745 ,1206 1297.261841 
Data_36_brain,10557 11352.396484 ,3349 3601.323975 ,2981 3205.597656 ,11970 12871.857422 ,17605 18931.416016 ,5351 5754.160156 ,4615 4962.708008 ,1135 1220.514404 ,683 734.459290 ,81 87.102791 ,4785 5145.516602 ,256 275.287811 ,1144 1230.192383 ,1281 1377.514404 ,1028 1105.452637 ,1453 1562.473389 ,1016 1092.548584 ,395 424.760498 ,7375 7930.655273 ,7863 8455.422852 ,12564 13510.611328 ,11334 12187.937500 ,13428 14439.706055 ,9452 10164.141602 ,5861 6302.585449 ,7972 8572.634766 ,10365 11145.930664 ,16795 18060.386719 ,9979 10730.848633 ,1456 1565.699463 ,1328 1428.055420 ,15141 16281.769531 ,7103 7638.161621 ,3532 3798.111572 ,4234 4553.002441 ,4387 4717.530273 ,3747 4029.310547 ,10411 11195.396484 ,23309 25065.169922 ,8818 9482.375977 ,6737 7244.586426 ,5378 5783.194824 ,9360 10065.211914 ,9133 9821.108398 ,1947 2093.692871 ,1307 1405.473389 ,14132 15196.748047 ,7771 8356.491211 ,12955 13931.069336 ,18292 19670.175781 ,11440 12301.923828 ,2944 3165.809814 ,1372 1475.370605 ,12790 13753.637695 ,9602 10325.444336 ,10102 10863.114258 ,9520 10237.265625 ,12185 13103.055664 ,11794 12682.596680 ,6821 7334.915039 ,16527 17772.193359 ,6011 6463.886719 ,15028 16160.255859 ,10610 11409.390625 ,4159 4472.351562 ,4050 4355.139648 ,15604 16779.652344 ,19298 20751.970703 ,21828 23472.589844 ,22739 24452.226562 ,14843 15961.316406 ,4869 5235.845215 ,11090 11925.553711 ,10138 10901.828125 ,7491 8055.394531 ,5123 5508.982422 ,9077 9760.889648 ,5699 6128.380371 ,9544 10263.074219 ,20453 21993.992188 ,15400 16560.283203 ,8409 9042.559570 ,5525 5941.270996 ,5845 6285.380371 ,7429 7988.723145 ,9101 9786.696289 ,4993 5369.187500 ,5505 5919.763672 ,1465 1575.377563 ,1311 1409.774780 
Data_37_brain,12719 12719.000000 ,3306 3306.000000 ,3062 3062.000000 ,11381 11381.000000 ,18784 18784.000000 ,5073 5073.000000 ,4391 4391.000000 ,961 961.000000 ,1082 1082.000000 ,186 186.000000 ,7054 7054.000000 ,337 337.000000 ,2021 2021.000000 ,1729 1729.000000 ,1026 1026.000000 ,1568 1568.000000 ,1565 1565.000000 ,319 319.000000 ,5904 5904.000000 ,7866 7866.000000 ,16234 16234.000000 ,15360 15360.000000 ,12307 12307.000000 ,12548 12548.000000 ,5572 5572.000000 ,8042 8042.000000 ,16324 16324.000000 ,23587 23587.000000 ,17363 17363.000000 ,2102 2102.000000 ,2050 2050.000000 ,17685 17685.000000 ,15372 15372.000000 ,5117 5117.000000 ,5733 5733.000000 ,8115 8115.000000 ,5914 5914.000000 ,11646 11646.000000 ,20823 20823.000000 ,10121 10121.000000 ,6823 6823.000000 ,5935 5935.000000 ,10061 10061.000000 ,11291 11291.000000 ,3146 3146.000000 ,2271 2271.000000 ,5613 5613.000000 ,5149 5149.000000 ,6504 6504.000000 ,20957 20957.000000 ,7521 7521.000000 ,1314 1314.000000 ,777 777.000000 ,17575 17575.000000 ,9871 9871.000000 ,11249 11249.000000 ,8070 8070.000000 ,12158 12158.000000 ,14544 14544.000000 ,9076 9076.000000 ,23570 23570.000000 ,7592 7592.000000 ,11966 11966.000000 ,14544 14544.000000 ,4719 4719.000000 ,6012 6012.000000 ,11742 11742.000000 ,19163 19163.000000 ,22790 22790.000000 ,23998 23998.000000 ,18898 18898.000000 ,5370 5370.000000 ,15608 15608.000000 ,15401 15401.000000 ,7602 7602.000000 ,5812 5812.000000 ,12628 12628.000000 ,5179 5179.000000 ,12921 12921.000000 ,22717 22717.000000 ,18129 18129.000000 ,8726 8726.000000 ,6139 6139.000000 ,4398 4398.000000 ,4921 4921.000000 ,4794 4794.000000 ,6094 6094.000000 ,7816 7816.000000 ,1957 1957.000000 ,1250 1250.000000 
Data_38_brain,13145 13145.000000 ,4673 4673.000000 ,6125 6125.000000 ,13026 13026.000000 ,25030 25030.000000 ,5066 5066.000000 ,4345 4345.000000 ,1143 1143.000000 ,1140 1140.000000 ,163 163.000000 ,9511 9511.000000 ,389 389.000000 ,1653 1653.000000 ,1309 1309.000000 ,966 966.000000 ,1807 1807.000000 ,1323 1323.000000 ,275 275.000000 ,9927 9927.000000 ,7907 7907.000000 ,17473 17473.000000 ,14276 14276.000000 ,16445 16445.000000 ,13368 13368.000000 ,6517 6517.000000 ,9790 9790.000000 ,12609 12609.000000 ,23765 23765.000000 ,16257 16257.000000 ,2785 2785.000000 ,2272 2272.000000 ,22487 22487.000000 ,15937 15937.000000 ,7610 7610.000000 ,5996 5996.000000 ,10399 10399.000000 ,5302 5302.000000 ,14435 14435.000000 ,25885 25885.000000 ,11620 11620.000000 ,7499 7499.000000 ,6571 6571.000000 ,12528 12528.000000 ,12417 12417.000000 ,3739 3739.000000 ,2015 2015.000000 ,6230 6230.000000 ,6192 6192.000000 ,8980 8980.000000 ,22359 22359.000000 ,6667 6667.000000 ,1893 1893.000000 ,1344 1344.000000 ,19081 19081.000000 ,14674 14674.000000 ,13154 13154.000000 ,11122 11122.000000 ,15310 15310.000000 ,15015 15015.000000 ,9686 9686.000000 ,28868 28868.000000 ,7208 7208.000000 ,16049 16049.000000 ,11783 11783.000000 ,5212 5212.000000 ,8934 8934.000000 ,14551 14551.000000 ,19203 19203.000000 ,26772 26772.000000 ,31996 31996.000000 ,17602 17602.000000 ,6843 6843.000000 ,16540 16540.000000 ,16354 16354.000000 ,8798 8798.000000 ,7171 7171.000000 ,17796 17796.000000 ,5650 5650.000000 ,9999 9999.000000 ,27251 27251.000000 ,24040 24040.000000 ,14792 14792.000000 ,7953 7953.000000 ,7149 7149.000000 ,6663 6663.000000 ,7229 7229.000000 ,6978 6978.000000 ,7639 7639.000000 ,2236 2236.000000 ,1723 1723.000000 
Data_39_brain,10610 11321.899414 ,3250 3468.065430 ,2968 3167.143799 ,12150 12965.228516 ,13321 14214.798828 ,5705 6087.788574 ,4993 5328.015625 ,755 805.658264 ,842 898.495667 ,237 252.901978 ,5817 6207.303223 ,1192 1271.979492 ,2864 3056.165771 ,1325 1413.903442 ,1091 1164.202759 ,1275 1360.548706 ,1062 1133.256958 ,446 475.925262 ,4120 4396.439453 ,6880 7341.627441 ,9078 9687.106445 ,8402 8965.749023 ,11255 12010.177734 ,10026 10698.714844 ,5395 5756.988281 ,7170 7651.084961 ,10871 11600.412109 ,19002 20276.976562 ,14121 15068.476562 ,1517 1618.786133 ,1321 1409.635132 ,15546 16589.089844 ,7891 8420.462891 ,2831 3020.951660 ,4102 4377.231934 ,4143 4420.982910 ,4065 4337.749512 ,9427 10059.524414 ,21473 22913.773438 ,9160 9774.608398 ,6819 7276.534180 ,6448 6880.641113 ,9615 10260.137695 ,10788 11511.842773 ,2321 2476.732178 ,2052 2189.683105 ,5919 6316.146973 ,5515 5885.040039 ,4753 5071.912109 ,17141 18291.109375 ,4855 5180.756348 ,712 759.773071 ,847 903.831177 ,12381 13211.728516 ,9403 10033.912109 ,7348 7841.028320 ,7091 7566.784668 ,10855 11583.337891 ,12878 13742.075195 ,6385 6813.414551 ,20703 22092.107422 ,6756 7209.307129 ,14306 15265.889648 ,10281 10970.825195 ,4430 4727.239258 ,4187 4467.935059 ,11577 12353.782227 ,11442 12209.724609 ,20006 21348.341797 ,25783 27512.962891 ,10729 11448.882812 ,4460 4759.252930 ,11522 12295.090820 ,11278 12034.719727 ,6412 6842.226074 ,4941 5272.525879 ,8390 8952.944336 ,5373 5733.512207 ,7174 7655.354004 ,17245 18402.087891 ,15885 16950.835938 ,8037 8576.258789 ,5295 5650.278809 ,5745 6130.472656 ,8355 8915.595703 ,8843 9436.338867 ,4503 4805.137695 ,4914 5243.714355 ,1532 1634.792603 ,1578 1683.879028 
Data_40_brain,9935 9935.000000 ,2838 2838.000000 ,2520 2520.000000 ,9121 9121.000000 ,14204 14204.000000 ,3638 3638.000000 ,3092 3092.000000 ,894 894.000000 ,1307 1307.000000 ,64 64.000000 ,8459 8459.000000 ,202 202.000000 ,1807 1807.000000 ,1466 1466.000000 ,1129 1129.000000 ,1711 1711.000000 ,1036 1036.000000 ,189 189.000000 ,5449 5449.000000 ,7062 7062.000000 ,12558 12558.000000 ,13118 13118.000000 ,11505 11505.000000 ,11919 11919.000000 ,4898 4898.000000 ,6322 6322.000000 ,11152 11152.000000 ,19679 19679.000000 ,10505 10505.000000 ,1151 1151.000000 ,978 978.000000 ,19326 19326.000000 ,9136 9136.000000 ,4223 4223.000000 ,4504 4504.000000 ,7141 7141.000000 ,4540 4540.000000 ,9794 9794.000000 ,20522 20522.000000 ,8035 8035.000000 ,5101 5101.000000 ,5453 5453.000000 ,8375 8375.000000 ,9638 9638.000000 ,2361 2361.000000 ,2135 2135.000000 ,5660 5660.000000 ,4691 4691.000000 ,6532 6532.000000 ,20752 20752.000000 ,4722 4722.000000 ,1283 1283.000000 ,820 820.000000 ,12401 12401.000000 ,7832 7832.000000 ,8865 8865.000000 ,6304 6304.000000 ,7844 7844.000000 ,10922 10922.000000 ,5425 5425.000000 ,22682 22682.000000 ,4944 4944.000000 ,9882 9882.000000 ,9746 9746.000000 ,3739 3739.000000 ,4758 4758.000000 ,11794 11794.000000 ,13447 13447.000000 ,24602 24602.000000 ,23600 23600.000000 ,11803 11803.000000 ,5140 5140.000000 ,13157 13157.000000 ,11973 11973.000000 ,7733 7733.000000 ,5477 5477.000000 ,9426 9426.000000 ,4628 4628.000000 ,9316 9316.000000 ,19201 19201.000000 ,16278 16278.000000 ,6698 6698.000000 ,5046 5046.000000 ,5263 5263.000000 ,4467 4467.000000 ,4333 4333.000000 ,5840 5840.000000 ,8019 8019.000000 ,2169 2169.000000 ,937 937.000000 
Data_41_brain,16777 16777.000000 ,3942 3942.000000 ,4070 4070.000000 ,14516 14516.000000 ,23362 23362.000000 ,6422 6422.000000 ,5135 5135.000000 ,1022 1022.000000 ,1344 1344.000000 ,159 159.000000 ,9879 9879.000000 ,466 466.000000 ,1880 1880.000000 ,1449 1449.000000 ,1039 1039.000000 ,1971 1971.000000 ,1655 1655.000000 ,322 322.000000 ,7160 7160.000000 ,6967 6967.000000 ,12798 12798.000000 ,12344 12344.000000 ,22630 22630.000000 ,15616 15616.000000 ,6689 6689.000000 ,8539 8539.000000 ,15219 15219.000000 ,26407 26407.000000 ,17364 17364.000000 ,1787 1787.000000 ,1679 1679.000000 ,23868 23868.000000 ,17878 17878.000000 ,5694 5694.000000 ,5235 5235.000000 ,8811 8811.000000 ,6235 6235.000000 ,12449 12449.000000 ,23859 23859.000000 ,11114 11114.000000 ,5963 5963.000000 ,4855 4855.000000 ,11053 11053.000000 ,11694 11694.000000 ,2597 2597.000000 ,1784 1784.000000 ,6499 6499.000000 ,5468 5468.000000 ,8566 8566.000000 ,26947 26947.000000 ,8891 8891.000000 ,1654 1654.000000 ,1138 1138.000000 ,20328 20328.000000 ,12832 12832.000000 ,12834 12834.000000 ,10095 10095.000000 ,15109 15109.000000 ,14837 14837.000000 ,8634 8634.000000 ,26296 26296.000000 ,7357 7357.000000 ,14443 14443.000000 ,11225 11225.000000 ,5590 5590.000000 ,6178 6178.000000 ,16060 16060.000000 ,22438 22438.000000 ,25299 25299.000000 ,28764 28764.000000 ,21977 21977.000000 ,7808 7808.000000 ,16556 16556.000000 ,17114 17114.000000 ,9205 9205.000000 ,8773 8773.000000 ,17713 17713.000000 ,7618 7618.000000 ,13475 13475.000000 ,32351 32351.000000 ,26547 26547.000000 ,7376 7376.000000 ,7613 7613.000000 ,4559 4559.000000 ,6665 6665.000000 ,6385 6385.000000 ,7612 7612.000000 ,8026 8026.000000 ,2546 2546.000000 ,1645 1645.000000 
Data_42_brain,10121 10882.001953 ,5015 5392.079590 ,3146 3382.548828 ,16242 17463.240234 ,15277 16425.681641 ,6294 6767.247559 ,5118 5502.823730 ,805 865.528137 ,890 956.919312 ,134 144.075500 ,11860 12751.756836 ,423 454.805481 ,2144 2305.208008 ,1618 1739.657959 ,1724 1853.628052 ,1619 1740.733032 ,1095 1177.333374 ,473 508.565002 ,8245 8864.943359 ,12088 12996.900391 ,19640 21116.738281 ,14599 15696.702148 ,24224 26045.408203 ,27490 29556.980469 ,7964 8562.815430 ,12350 13278.599609 ,16265 17487.968750 ,37945 40798.093750 ,16355 17584.736328 ,1546 1662.244141 ,1758 1890.184570 ,40159 43178.566406 ,32593 35043.675781 ,3784 4068.520020 ,5471 5882.365723 ,4986 5360.898926 ,4489 4826.528809 ,9947 10694.917969 ,40439 43479.617188 ,8846 9511.132812 ,6246 6715.638672 ,5907 6351.148926 ,8060 8666.033203 ,9181 9871.322266 ,2686 2887.960938 ,1932 2077.267578 ,5412 5818.929688 ,4651 5000.709473 ,5677 6103.854980 ,42961 46191.250000 ,7077 7609.121582 ,1091 1173.032593 ,1298 1395.596924 ,12545 13488.261719 ,11071 11903.431641 ,9082 9764.877930 ,9144 9831.540039 ,13544 14562.376953 ,13025 14004.353516 ,7857 8447.769531 ,53061 57050.671875 ,8418 9050.952148 ,22759 24470.255859 ,12416 13349.561523 ,6115 6574.788574 ,7596 8167.145020 ,13966 15016.107422 ,12909 13879.631836 ,44116 47433.093750 ,52706 56668.976562 ,35482 38149.898438 ,7955 8553.138672 ,28711 30869.789062 ,29124 31313.841797 ,16137 17350.345703 ,7036 7565.039062 ,15812 17000.910156 ,9250 9945.510742 ,12934 13906.511719 ,28924 31098.802734 ,23794 25583.080078 ,12017 12920.561523 ,10408 11190.580078 ,7633 8206.927734 ,10493 11281.972656 ,8663 9314.373047 ,5140 5526.477539 ,5201 5592.064453 ,1475 1585.905518 ,1381 1484.837646 
Data_43_brain,12516 12516.000000 ,3160 3160.000000 ,4017 4017.000000 ,11077 11077.000000 ,14734 14734.000000 ,5407 5407.000000 ,5880 5880.000000 ,912 912.000000 ,1114 1114.000000 ,218 218.000000 ,6125 6125.000000 ,537 537.000000 ,2494 2494.000000 ,1569 1569.000000 ,1316 1316.000000 ,1534 1534.000000 ,1430 1430.000000 ,447 447.000000 ,6815 6815.000000 ,8123 8123.000000 ,16560 16560.000000 ,13721 13721.000000 ,11550 11550.000000 ,11428 11428.000000 ,5264 5264.000000 ,8995 8995.000000 ,13182 13182.000000 ,20492 20492.000000 ,13374 13374.000000 ,2049 2049.000000 ,1531 1531.000000 ,18167 18167.000000 ,12183 12183.000000 ,5586 5586.000000 ,6583 6583.000000 ,6436 6436.000000 ,5900 5900.000000 ,11761 11761.000000 ,22280 22280.000000 ,9266 9266.000000 ,7231 7231.000000 ,6673 6673.000000 ,10527 10527.000000 ,10960 10960.000000 ,2993 2993.000000 ,2710 2710.000000 ,5997 5997.000000 ,5036 5036.000000 ,7301 7301.000000 ,24608 24608.000000 ,9141 9141.000000 ,1729 1729.000000 ,1066 1066.000000 ,14616 14616.000000 ,8795 8795.000000 ,8170 8170.000000 ,9118 9118.000000 ,10925 10925.000000 ,13109 13109.000000 ,6768 6768.000000 ,27115 27115.000000 ,7435 7435.000000 ,15076 15076.000000 ,12282 12282.000000 ,5271 5271.000000 ,5272 5272.000000 ,14445 14445.000000 ,14798 14798.000000 ,24795 24795.000000 ,29634 29634.000000 ,13508 13508.000000 ,4887 4887.000000 ,11492 11492.000000 ,16809 16809.000000 ,7711 7711.000000 ,5239 5239.000000 ,11099 11099.000000 ,5136 5136.000000 ,9549 9549.000000 ,25995 25995.000000 ,21835 21835.000000 ,7161 7161.000000 ,6509 6509.000000 ,5501 5501.000000 ,7783 7783.000000 ,5901 5901.000000 ,6676 6676.000000 ,7701 7701.000000 ,2174 2174.000000 ,1699 1699.000000 
Data_44_brain,14638 15783.726562 ,2210 2382.978271 ,3175 3423.509521 ,8208 8850.447266 ,14438 15568.073242 ,5368 5788.157227 ,6076 6551.573242 ,1033 1113.853760 ,1027 1107.384033 ,349 376.316467 ,9290 10017.134766 ,714 769.885376 ,2633 2839.086914 ,1941 2092.923584 ,1040 1121.401489 ,1507 1624.953979 ,1292 1393.125854 ,603 650.197327 ,5696 6141.830078 ,7447 8029.882812 ,14093 15196.069336 ,14732 15885.084961 ,14228 15341.636719 ,16245 17516.509766 ,9123 9837.064453 ,9151 9867.255859 ,31186 33626.953125 ,27338 29477.765625 ,24863 26809.046875 ,2145 2312.890869 ,2120 2285.934082 ,23972 25848.306641 ,16259 17531.603516 ,5607 6045.863770 ,5388 5809.722656 ,7052 7603.965332 ,7323 7896.177246 ,14149 15256.452148 ,47881 51628.683594 ,13476 14530.776367 ,9950 10728.793945 ,6908 7448.694824 ,14209 15321.148438 ,15163 16349.819336 ,3852 4153.499023 ,3015 3250.986328 ,7734 8339.346680 ,6529 7040.030273 ,6423 6925.733398 ,31231 33675.476562 ,8220 8863.385742 ,885 954.269653 ,1040 1121.401489 ,17029 18361.873047 ,13893 14980.416016 ,16916 18240.027344 ,16168 17433.482422 ,17669 19051.964844 ,16316 17593.066406 ,12459 13434.174805 ,39191 42258.511719 ,14634 15779.415039 ,30873 33289.453125 ,21441 23119.203125 ,4926 5311.562012 ,7899 8517.260742 ,13826 14908.171875 ,18026 19436.908203 ,43800 47228.261719 ,54074 58306.414062 ,26263 28318.623047 ,6931 7473.495117 ,29347 31644.011719 ,30787 33196.722656 ,17825 19220.175781 ,8149 8786.828125 ,16215 17484.160156 ,11196 12072.320312 ,18254 19682.753906 ,45430 48985.839844 ,34624 37334.046875 ,16570 17866.945312 ,9329 10059.188477 ,8876 9570.730469 ,11309 12194.165039 ,11870 12799.073242 ,5744 6193.587402 ,6731 7257.839844 ,1524 1643.284668 ,1213 1307.942383 
Data_45_brain,12613 12613.000000 ,4144 4144.000000 ,4174 4174.000000 ,17485 17485.000000 ,30233 30233.000000 ,6492 6492.000000 ,7324 7324.000000 ,1292 1292.000000 ,1223 1223.000000 ,145 145.000000 ,10247 10247.000000 ,568 568.000000 ,1593 1593.000000 ,1731 1731.000000 ,1238 1238.000000 ,2011 2011.000000 ,1029 1029.000000 ,317 317.000000 ,11524 11524.000000 ,11025 11025.000000 ,16062 16062.000000 ,16446 16446.000000 ,19037 19037.000000 ,19660 19660.000000 ,6165 6165.000000 ,11070 11070.000000 ,26406 26406.000000 ,38564 38564.000000 ,28855 28855.000000 ,2694 2694.000000 ,2335 2335.000000 ,25585 25585.000000 ,25873 25873.000000 ,5665 5665.000000 ,6757 6757.000000 ,9597 9597.000000 ,7061 7061.000000 ,14235 14235.000000 ,37635 37635.000000 ,11554 11554.000000 ,10080 10080.000000 ,9097 9097.000000 ,10591 10591.000000 ,11662 11662.000000 ,3522 3522.000000 ,2567 2567.000000 ,6671 6671.000000 ,9284 9284.000000 ,9545 9545.000000 ,42967 42967.000000 ,8862 8862.000000 ,1618 1618.000000 ,1591 1591.000000 ,19076 19076.000000 ,13479 13479.000000 ,16493 16493.000000 ,13950 13950.000000 ,13850 13850.000000 ,18029 18029.000000 ,15297 15297.000000 ,60234 60234.000000 ,12804 12804.000000 ,19484 19484.000000 ,17975 17975.000000 ,4613 4613.000000 ,6419 6419.000000 ,17319 17319.000000 ,17809 17809.000000 ,49586 49586.000000 ,57909 57909.000000 ,40459 40459.000000 ,9310 9310.000000 ,44642 44642.000000 ,26360 26360.000000 ,18404 18404.000000 ,7784 7784.000000 ,20561 20561.000000 ,8860 8860.000000 ,16426 16426.000000 ,47110 47110.000000 ,39520 39520.000000 ,25433 25433.000000 ,10218 10218.000000 ,14055 14055.000000 ,11827 11827.000000 ,9976 9976.000000 ,7200 7200.000000 ,7241 7241.000000 ,2086 2086.000000 ,1361 1361.000000 
Data_46_brain,10982 11848.547852 ,3247 3503.208496 ,2548 2749.052979 ,15722 16962.564453 ,14646 15801.661133 ,5635 6079.636230 ,4132 4458.040527 ,1441 1554.703857 ,1127 1215.927246 ,120 129.468750 ,6671 7197.382812 ,492 530.821899 ,1560 1683.093628 ,1479 1595.702271 ,1012 1091.853027 ,1333 1438.182007 ,677 730.419495 ,173 186.650787 ,5672 6119.555664 ,9807 10580.833008 ,16363 17654.142578 ,12347 13321.253906 ,11641 12559.547852 ,11766 12694.410156 ,6440 6948.156250 ,10617 11454.747070 ,13722 14804.750977 ,23390 25235.615234 ,12671 13670.820312 ,1546 1667.988892 ,1915 2066.105469 ,18616 20084.917969 ,14267 15392.754883 ,4097 4420.278809 ,4153 4480.697754 ,5436 5864.934082 ,4316 4656.559570 ,12340 13313.703125 ,20210 21804.693359 ,10750 11598.242188 ,8841 9538.609375 ,6977 7527.528809 ,8080 8717.562500 ,10558 11391.092773 ,2506 2703.739014 ,1832 1976.556152 ,6421 6927.657227 ,5544 5981.456055 ,4523 4879.893066 ,20855 22500.587891 ,6084 6564.064941 ,860 927.859314 ,1358 1465.154541 ,16487 17787.925781 ,10772 11621.977539 ,10013 10803.088867 ,6809 7346.272461 ,12425 13405.410156 ,13086 14118.566406 ,7298 7873.857422 ,22493 24267.835938 ,5082 5483.001465 ,13938 15037.794922 ,8983 9691.814453 ,4859 5242.405273 ,4940 5329.796875 ,9847 10623.989258 ,13896 14992.480469 ,23198 25028.466797 ,24758 26711.560547 ,14396 15531.933594 ,5830 6290.022949 ,13575 14646.152344 ,11976 12920.980469 ,5786 6242.551270 ,4563 4923.049316 ,10073 10867.822266 ,3734 4028.635742 ,9252 9982.041016 ,20342 21947.109375 ,17348 18716.865234 ,8758 9449.060547 ,6450 6958.945312 ,5876 6339.652832 ,8614 9293.698242 ,9592 10348.868164 ,5185 5594.128906 ,5719 6170.264648 ,1575 1699.277344 ,1604 1730.565552 
Data_47_brain,8645 9225.421875 ,2750 2934.633545 ,2331 2487.502197 ,13227 14115.054688 ,15536 16579.080078 ,5561 5934.362793 ,5571 5945.034180 ,1269 1354.200073 ,933 995.641174 ,76 81.102608 ,6490 6925.735352 ,321 342.551819 ,1141 1217.606201 ,1153 1230.411865 ,1094 1167.450684 ,1530 1632.723511 ,1328 1417.161377 ,136 145.130966 ,6468 6902.258789 ,12001 12806.742188 ,12487 13325.372070 ,11491 12262.500977 ,13562 14472.546875 ,12282 13106.608398 ,8009 8546.720703 ,11333 12093.893555 ,20747 22139.943359 ,39711 42377.179688 ,20511 21888.097656 ,1818 1940.059570 ,1923 2052.109375 ,30989 33069.589844 ,21981 23456.792969 ,6844 7303.503418 ,7409 7906.436523 ,7857 8384.515625 ,6878 7339.785645 ,12481 13318.968750 ,40398 43110.300781 ,10217 10902.964844 ,9488 10125.019531 ,6669 7116.753418 ,13219 14106.517578 ,12293 13118.345703 ,2655 2833.255371 ,1946 2076.653564 ,5242 5593.945801 ,5332 5689.988281 ,6078 6486.073730 ,32387 34561.449219 ,6987 7456.103516 ,942 1005.245422 ,1250 1333.924561 ,13611 14524.836914 ,9259 9880.644531 ,9325 9951.076172 ,10376 11072.640625 ,12699 13551.604492 ,12474 13311.499023 ,8177 8726.000000 ,42396 45242.449219 ,10013 10685.267578 ,18755 20014.203125 ,10445 11146.273438 ,5137 5481.895508 ,5232 5583.274414 ,10071 10747.162109 ,14029 14970.901367 ,49494 52817.003906 ,43673 46605.187500 ,29972 31984.306641 ,5925 6322.801270 ,25893 27631.445312 ,26778 28575.863281 ,16013 17088.105469 ,6440 6872.378906 ,20240 21598.904297 ,8672 9254.234375 ,18535 19779.431641 ,31703 33831.527344 ,24320 25952.833984 ,17993 19201.041016 ,6657 7103.947754 ,9915 10580.687500 ,11024 11764.145508 ,10698 11416.258789 ,5774 6161.663574 ,6233 6651.480957 ,1759 1877.098389 ,1809 1930.455566 
Data_48_brain,11534 12301.655273 ,1906 2032.855591 ,1962 2092.582520 ,8165 8708.428711 ,13357 14245.987305 ,4497 4796.301758 ,4680 4991.481445 ,787 839.379456 ,879 937.502625 ,291 310.367767 ,5845 6234.019043 ,862 919.371216 ,1594 1700.090088 ,1024 1092.153198 ,1298 1384.389526 ,1579 1684.091797 ,961 1024.960205 ,349 372.228027 ,5307 5660.212402 ,7485 7983.170898 ,12675 13518.595703 ,13373 14263.051758 ,11778 12561.894531 ,11509 12274.992188 ,6368 6791.828125 ,11718 12497.901367 ,17670 18846.042969 ,25569 27270.767578 ,14804 15789.292969 ,1614 1721.421265 ,1604 1710.755737 ,29309 31259.683594 ,21124 22529.925781 ,5162 5505.562012 ,5491 5856.458008 ,6218 6631.844727 ,5776 6160.426270 ,12623 13463.134766 ,29035 30967.449219 ,11637 12411.510742 ,7138 7613.075684 ,7395 7887.180664 ,8853 9442.218750 ,10917 11643.589844 ,2513 2680.254883 ,1979 2110.714111 ,5664 6040.972168 ,5590 5962.047363 ,5510 5876.722656 ,35558 37924.593750 ,5614 5987.645020 ,1237 1319.329712 ,1154 1230.805420 ,12512 13344.747070 ,9386 10010.693359 ,9986 10650.626953 ,7931 8458.854492 ,11994 12792.271484 ,15159 16167.919922 ,6683 7127.792969 ,40221 42897.941406 ,6857 7313.374023 ,19781 21097.542969 ,9435 10062.954102 ,5885 6276.681641 ,6290 6708.636719 ,12883 13740.439453 ,11725 12505.367188 ,18660 19901.933594 ,30326 32344.371094 ,11239 11987.021484 ,4619 4926.421387 ,10905 11630.791992 ,13048 13916.420898 ,6624 7064.866211 ,6006 6405.734863 ,12493 13324.482422 ,4982 5313.581543 ,9655 10297.596680 ,23443 25003.269531 ,19165 20440.541016 ,8198 8743.625000 ,7387 7878.648438 ,6847 7302.708008 ,7363 7853.051270 ,6742 7190.719238 ,5382 5740.203613 ,5749 6131.629395 ,1630 1738.486084 ,1776 1894.203247 
Data_49_brain,13871 14926.914062 ,3688 3968.744629 ,3718 4001.028076 ,15772 16972.623047 ,16689 17959.429688 ,7128 7670.610352 ,6311 6791.416992 ,1289 1387.123413 ,1134 1220.324341 ,244 262.574188 ,7463 8031.111328 ,451 485.331818 ,1659 1785.289307 ,1143 1230.009399 ,1504 1618.490112 ,1691 1819.725342 ,1188 1278.434937 ,438 471.342224 ,7702 8288.304688 ,9333 10043.463867 ,21617 23262.566406 ,16902 18188.642578 ,10512 11312.212891 ,15405 16577.685547 ,7973 8579.934570 ,10934 11766.336914 ,11567 12447.523438 ,25443 27379.816406 ,12454 13402.045898 ,2347 2525.662354 ,2414 2597.762695 ,23044 24798.195312 ,17175 18482.425781 ,5335 5741.120117 ,6751 7264.911621 ,6611 7114.254395 ,6294 6773.123047 ,12922 13905.671875 ,24096 25930.277344 ,12139 13063.066406 ,9350 10061.756836 ,7496 8066.623535 ,10626 11434.890625 ,13706 14749.351562 ,3865 4159.218262 ,2346 2524.586426 ,4873 5243.951172 ,4572 4920.037598 ,5257 5657.182617 ,23628 25426.652344 ,7725 8313.056641 ,1112 1196.649658 ,1240 1334.393311 ,18018 19389.597656 ,13565 14597.619141 ,13138 14138.114258 ,8002 8611.142578 ,14011 15077.570312 ,13495 14522.291016 ,9227 9929.394531 ,25565 27511.103516 ,6722 7233.703613 ,16275 17513.914062 ,13697 14739.666992 ,4950 5326.812012 ,5014 5395.684570 ,12376 13318.108398 ,18514 19923.357422 ,28575 30750.236328 ,27849 29968.970703 ,13108 14105.831055 ,7492 8062.318848 ,12508 13460.156250 ,14573 15682.351562 ,9580 10309.265625 ,6873 7396.198242 ,11832 12732.696289 ,5890 6338.368652 ,8491 9137.367188 ,21379 23006.449219 ,19881 21394.417969 ,8635 9292.328125 ,6586 7087.351074 ,6090 6553.593262 ,8951 9632.383789 ,9539 10265.144531 ,5543 5964.953613 ,5876 6323.303223 ,1960 2109.202637 ,1924 2070.462158 
